Timestamp,AC-5-33_MAD-O (%),AC-5-33_HUM-O (%),AC-5-33_MA-T (°F),AC-5-33_SF-O (%),AC-5-33_PH1-O (%),AC-5-33_PH2-O (%),AC-5-33_PH1-T (°F),AC-5-33_PH2-T (°F),AC-5-33_AVG-PHT (°F),AC-5-33_CC-T (°F),AC-5-33_CLG-O (%),AC-5-33_RH1-O (%),AC-5-33_RH2 -O (%),AC-5-33_DA-T-N (°F),AC-5-33_DA-T-S (°F),AC-5-33_DA-T (°F),AC-5-33_RA-T-N (°F),AC-5-33_RA-T-S (°F),AC-5-33_RA-T (°F),AC-5-33_RA-H (%RH),AC-5-33_RF-O (%),AC-5-33_OA-T (°F),AC-5-33_RA-P (in/wc),AC-5-33_DA1-P (in/wc)
25-Aug-26 12:00:00 AM EDT,0.00,0.00,72.70,82.40,0.00,0.00,75.20,75.20,75.20,47.70,38.50,38.10,25.00,63.90,53.40,49.70,71.90,72.10,73.20,43.30,81.90,75.00,0.02,1.00
25-Aug-26 1:00:00 AM EDT,0.00,0.00,72.30,81.90,0.00,0.00,74.70,74.80,74.74,47.80,43.40,35.70,24.90,65.20,53.80,49.80,72.10,72.10,73.40,43.20,81.80,74.40,0.02,1.00
25-Aug-26 2:00:00 AM EDT,0.00,0.00,72.20,81.90,0.00,0.00,74.50,74.70,74.58,47.90,37.30,38.70,29.40,65.00,57.20,49.90,72.00,72.10,73.30,43.20,81.80,0.00,0.02,1.00
25-Aug-26 3:00:00 AM EDT,0.00,0.00,71.80,81.80,0.00,0.00,74.10,74.30,74.19,47.80,46.40,38.10,30.90,65.40,58.80,49.90,72.00,72.10,73.40,43.10,82.00,73.30,0.01,1.00
25-Aug-26 4:00:00 AM EDT,0.00,0.00,71.30,81.40,0.00,0.00,73.50,73.80,73.64,48.10,48.10,37.80,36.20,65.60,56.30,50.20,72.00,71.90,73.30,43.30,81.70,72.40,0.02,1.00
25-Aug-26 5:00:00 AM EDT,0.00,0.00,71.00,81.50,0.00,0.00,73.10,73.40,73.28,48.00,38.60,37.40,18.70,65.40,61.60,50.00,72.10,72.40,73.50,43.10,81.50,70.60,0.02,1.00
25-Aug-26 6:00:00 AM EDT,0.00,0.00,70.50,81.50,0.00,0.00,72.60,73.00,72.81,47.90,36.70,38.50,26.30,62.50,57.90,49.80,71.80,72.20,73.20,43.20,81.40,70.20,0.02,1.00
25-Aug-26 7:00:00 AM EDT,0.00,0.00,70.30,79.60,0.00,0.00,72.50,72.90,72.67,48.00,47.10,37.30,38.30,66.50,57.00,50.00,72.00,71.90,73.30,43.30,80.50,0.00,0.02,1.00
25-Aug-26 8:00:00 AM EDT,0.00,0.00,70.20,81.30,0.00,0.00,72.30,72.70,72.53,48.20,36.10,39.30,33.30,67.60,59.10,50.30,72.00,72.00,73.30,43.50,81.30,69.90,0.02,1.00
25-Aug-26 9:00:00 AM EDT,0.00,0.00,70.20,81.60,0.00,0.00,72.40,72.80,72.58,48.10,48.20,39.60,28.40,66.80,57.90,50.10,71.90,72.10,73.20,43.70,81.40,70.20,0.02,1.00
25-Aug-26 10:00:00 AM EDT,0.00,0.00,70.80,81.70,0.00,0.00,72.90,73.20,73.04,48.20,52.50,38.90,19.60,65.30,54.00,50.00,71.90,72.20,73.30,44.00,81.60,70.40,0.02,1.00
25-Aug-26 11:00:00 AM EDT,0.00,0.00,71.00,81.70,0.00,0.00,73.10,73.50,73.27,47.90,36.30,39.60,32.30,65.80,55.10,49.90,72.00,72.90,73.40,43.80,82.20,71.90,0.02,1.00
25-Aug-26 12:00:00 PM EDT,0.00,0.00,71.30,81.90,0.00,0.00,73.40,73.80,73.61,48.20,50.70,36.90,32.00,64.30,59.00,50.10,72.00,73.00,73.50,44.20,82.00,0.00,0.02,1.00
25-Aug-26 1:00:00 PM EDT,0.00,0.00,72.00,81.90,0.00,0.00,74.20,74.50,74.34,47.70,49.10,39.10,33.60,64.70,55.90,49.80,72.00,73.00,73.40,43.90,82.20,73.80,0.02,1.00
25-Aug-26 2:00:00 PM EDT,0.00,0.00,73.50,82.40,0.00,0.00,76.00,76.00,75.98,48.30,46.00,38.60,35.50,63.90,55.10,50.30,71.90,72.80,73.40,44.20,82.70,76.10,0.02,1.00
25-Aug-26 3:00:00 PM EDT,0.00,0.00,74.00,82.40,0.00,0.00,76.50,76.40,76.46,47.60,50.00,33.80,39.40,63.20,58.60,49.80,72.10,72.80,73.50,43.80,82.50,77.60,0.02,1.00
25-Aug-26 4:00:00 PM EDT,0.00,0.00,74.30,83.00,0.00,0.00,76.80,76.70,76.76,48.30,43.80,36.80,32.30,61.20,55.20,50.30,71.90,73.00,73.40,44.30,82.90,79.20,0.02,1.00
25-Aug-26 5:00:00 PM EDT,0.00,0.00,73.80,83.00,0.00,0.00,76.40,76.40,76.39,48.00,47.50,33.90,21.40,61.70,53.50,50.00,72.00,73.10,73.50,44.10,82.80,0.00,0.02,1.00
25-Aug-26 6:00:00 PM EDT,0.00,0.00,75.00,83.20,0.00,0.00,77.50,77.20,77.37,47.60,47.30,27.80,4.90,60.60,52.50,49.80,72.10,73.20,73.50,44.10,83.20,79.50,0.02,1.00
25-Aug-26 7:00:00 PM EDT,0.00,0.00,75.20,83.10,0.00,0.00,77.70,77.50,77.60,48.20,48.90,35.80,10.10,59.20,52.40,50.30,71.80,73.00,73.30,44.70,83.00,80.20,0.02,1.00
25-Aug-26 8:00:00 PM EDT,0.00,0.00,74.80,83.00,0.00,0.00,77.40,77.20,77.31,47.70,45.80,37.00,33.20,63.10,53.90,49.90,72.00,72.90,73.50,43.80,82.80,79.50,0.02,1.00
25-Aug-26 9:00:00 PM EDT,0.00,0.00,74.70,82.70,0.00,0.00,77.30,77.10,77.18,47.80,40.00,36.10,35.90,63.40,57.70,50.10,71.90,73.00,73.40,43.50,82.40,78.50,0.02,1.00
25-Aug-26 10:00:00 PM EDT,0.00,0.00,74.30,82.60,0.00,0.00,76.80,76.70,76.78,48.00,47.10,37.60,27.10,63.60,55.40,50.10,72.00,73.20,73.50,43.40,82.40,0.00,0.02,1.00
25-Aug-26 11:00:00 PM EDT,0.00,0.00,73.90,82.60,0.00,0.00,76.50,76.40,76.42,47.90,47.60,39.20,32.20,63.30,54.20,49.90,71.90,73.00,73.40,43.40,82.30,77.50,0.02,1.00
26-Aug-26 12:00:00 AM EDT,0.00,0.00,73.80,81.90,0.00,0.00,76.30,76.20,76.27,48.00,51.70,38.20,40.50,65.10,62.70,50.10,72.10,72.90,73.50,43.40,82.20,77.20,0.02,1.00
26-Aug-26 1:00:00 AM EDT,0.00,0.00,73.30,82.10,0.00,0.00,75.80,75.80,75.79,47.80,39.60,39.20,37.00,65.40,60.70,49.80,72.00,72.90,73.50,43.10,82.00,75.90,0.02,1.00
26-Aug-26 2:00:00 AM EDT,0.00,0.00,72.90,82.10,0.00,0.00,75.40,75.50,75.41,48.10,39.00,39.20,15.70,63.70,55.40,49.90,71.90,73.30,73.50,43.20,81.90,74.30,0.03,1.00
26-Aug-26 3:00:00 AM EDT,0.00,0.00,72.30,81.50,0.00,0.00,74.60,74.80,74.70,48.10,46.60,37.70,32.00,65.20,69.20,50.30,72.10,73.10,73.60,43.30,81.70,73.30,0.02,1.00
26-Aug-26 4:00:00 AM EDT,0.00,0.00,72.10,80.90,0.00,0.00,74.40,74.60,74.50,47.70,38.10,42.00,30.60,65.20,53.80,49.60,71.80,73.00,73.30,43.30,81.50,0.00,0.02,1.00
26-Aug-26 5:00:00 AM EDT,0.00,0.00,71.70,81.80,0.00,0.00,73.90,74.20,74.04,47.80,40.80,38.80,32.30,65.40,61.40,50.00,72.10,73.10,73.60,43.20,81.80,72.70,0.02,1.00
26-Aug-26 6:00:00 AM EDT,0.00,0.00,71.40,80.90,0.00,0.00,73.50,73.90,73.67,47.90,40.70,39.00,40.40,66.10,65.20,50.10,72.10,72.90,73.50,43.30,81.40,71.80,0.02,1.00
26-Aug-26 7:00:00 AM EDT,0.00,0.00,71.20,80.90,0.00,0.00,73.40,73.70,73.52,48.10,45.80,41.80,31.70,66.60,55.40,50.10,71.90,73.00,73.30,43.70,81.30,71.30,0.02,1.00
26-Aug-26 8:00:00 AM EDT,0.00,0.00,70.80,81.50,0.00,0.00,72.90,73.40,73.15,47.60,46.00,38.60,21.60,65.10,64.70,49.60,72.10,73.40,73.70,43.00,81.20,70.50,0.03,1.00
26-Aug-26 9:00:00 AM EDT,0.00,0.00,70.60,81.30,0.00,0.00,72.70,73.10,72.89,48.30,47.20,40.60,39.50,66.80,57.10,50.30,71.90,72.80,73.40,43.80,81.40,0.00,0.03,1.00
26-Aug-26 10:00:00 AM EDT,0.00,0.00,71.20,81.20,0.00,0.00,73.30,73.70,73.46,47.90,45.90,38.10,41.30,65.30,63.90,50.00,72.10,72.80,73.50,43.70,81.50,71.30,0.02,1.00
26-Aug-26 11:00:00 AM EDT,0.00,0.00,71.90,81.50,0.00,0.00,73.90,74.30,74.11,47.90,41.10,36.50,31.00,64.90,58.90,50.00,72.10,73.00,73.60,43.90,81.80,72.70,0.02,1.00
26-Aug-26 12:00:00 PM EDT,0.00,0.00,72.90,82.20,0.00,0.00,75.30,75.30,75.29,48.40,49.10,36.80,29.40,63.80,54.40,50.40,72.00,73.00,73.40,44.40,82.00,75.00,0.02,1.00
26-Aug-26 1:00:00 PM EDT,0.00,0.00,73.40,82.00,0.00,0.00,76.00,75.90,75.96,47.80,47.30,39.90,31.00,64.60,56.00,49.90,72.00,73.00,73.40,43.90,82.20,77.50,0.02,1.00
26-Aug-26 2:00:00 PM EDT,0.00,0.00,74.00,82.40,0.00,0.00,76.50,76.40,76.45,48.10,44.10,38.60,32.10,64.50,54.20,49.90,72.00,72.90,73.40,43.70,82.40,0.00,0.02,1.00
26-Aug-26 3:00:00 PM EDT,0.00,0.00,75.10,82.50,0.00,0.00,77.70,77.40,77.53,48.00,45.00,34.10,25.10,64.90,56.00,50.20,72.10,73.10,73.60,43.60,85.20,79.90,0.04,0.52
26-Aug-26 4:00:00 PM EDT,0.00,0.00,80.10,87.60,0.00,0.00,92.60,90.30,91.47,118.70,0.00,0.00,0.00,68.30,67.30,155.40,73.70,74.90,76.10,43.30,87.60,78.90,0.06,0.05
26-Aug-26 5:00:00 PM EDT,0.00,0.00,84.70,87.60,0.00,0.00,110.90,108.20,109.53,127.90,0.00,0.00,0.00,73.40,73.50,158.80,75.10,76.50,78.20,43.90,85.30,81.00,0.05,0.53
26-Aug-26 6:00:00 PM EDT,0.00,0.00,76.50,82.60,0.00,0.00,79.10,78.90,79.00,54.10,21.50,0.00,0.00,58.80,57.90,56.20,73.30,75.70,75.00,49.30,82.60,79.00,0.03,1.00
26-Aug-26 7:00:00 PM EDT,0.00,0.00,75.20,82.50,0.00,0.00,77.70,77.70,77.70,54.10,31.00,0.00,0.00,58.50,57.80,56.00,72.70,75.20,74.40,51.00,82.60,0.00,0.04,1.00
26-Aug-26 8:00:00 PM EDT,0.00,0.00,73.70,83.30,0.00,0.00,76.30,76.30,76.30,50.70,52.10,9.20,0.00,55.50,54.80,52.50,71.50,74.30,73.20,51.00,83.80,76.80,0.03,1.00
26-Aug-26 9:00:00 PM EDT,0.00,0.00,73.60,83.10,0.00,0.00,76.20,76.10,76.13,47.60,58.30,41.30,2.60,63.50,51.50,49.90,71.90,72.90,73.40,45.50,83.00,77.00,0.03,1.00
26-Aug-26 10:00:00 PM EDT,0.00,0.00,73.40,82.70,0.00,0.00,76.00,76.00,75.99,48.00,50.40,40.30,34.30,61.10,56.90,50.20,71.90,73.00,73.40,44.90,82.50,76.30,0.03,1.00
26-Aug-26 11:00:00 PM EDT,0.00,0.00,73.40,82.90,0.00,0.00,75.90,75.90,75.89,47.50,49.30,41.20,36.20,64.60,53.70,49.80,71.90,72.90,73.40,44.10,82.70,76.30,0.03,1.00
27-Aug-26 12:00:00 AM EDT,0.00,0.00,73.60,83.00,0.00,0.00,76.20,76.20,76.17,47.90,45.30,38.80,27.30,64.10,54.50,50.20,72.00,73.10,73.50,43.90,82.70,0.00,0.03,1.00
27-Aug-26 1:00:00 AM EDT,0.00,0.00,73.50,82.90,0.00,0.00,76.10,76.10,76.12,47.50,55.30,41.20,32.00,65.00,54.00,49.80,71.80,73.00,73.30,44.00,82.60,76.90,0.03,1.00
27-Aug-26 2:00:00 AM EDT,0.00,0.00,73.70,82.30,0.00,0.00,76.30,76.20,76.24,47.60,40.60,39.10,39.90,65.90,60.00,50.00,72.00,72.80,73.50,43.60,82.40,76.80,0.03,1.00
27-Aug-26 3:00:00 AM EDT,0.00,0.00,73.40,82.60,0.00,0.00,75.90,75.90,75.91,48.00,55.80,37.30,19.90,64.40,58.00,50.20,72.10,73.30,73.60,43.70,82.20,75.90,0.02,1.00
27-Aug-26 4:00:00 AM EDT,0.00,0.00,73.10,83.00,0.00,0.00,75.60,75.70,75.64,47.70,53.70,40.60,34.00,64.40,54.00,50.00,71.90,72.90,73.40,43.80,82.90,75.50,0.03,1.00
27-Aug-26 5:00:00 AM EDT,0.00,0.00,73.00,82.10,0.00,0.00,75.40,75.50,75.43,47.70,56.10,38.20,45.50,66.70,67.40,50.20,72.10,72.70,73.60,43.60,82.40,0.00,0.03,1.00
27-Aug-26 6:00:00 AM EDT,0.00,0.00,72.80,82.50,0.00,0.00,75.20,75.40,75.28,47.70,44.00,38.20,19.40,64.70,56.10,49.80,72.00,73.30,73.60,43.50,82.20,74.80,0.03,1.00
27-Aug-26 7:00:00 AM EDT,0.00,0.00,72.70,82.00,0.00,0.00,75.10,75.20,75.18,47.80,51.30,39.80,44.50,66.80,59.40,50.20,72.00,72.70,73.40,43.90,82.30,74.90,0.03,1.00
27-Aug-26 8:00:00 AM EDT,0.00,0.00,72.80,82.50,0.00,0.00,75.30,75.40,75.35,47.80,54.30,37.50,26.00,65.20,67.40,50.10,72.20,73.20,73.70,43.50,82.40,75.20,0.03,1.00
27-Aug-26 9:00:00 AM EDT,0.00,0.00,73.60,82.30,0.00,0.00,76.10,76.10,76.11,47.70,59.60,37.40,34.70,65.90,70.60,50.20,72.20,73.10,73.60,43.70,82.50,77.20,0.03,1.00
27-Aug-26 10:00:00 AM EDT,0.00,0.00,73.60,82.50,0.00,0.00,76.20,76.10,76.15,47.50,44.50,42.20,34.50,65.80,53.80,49.70,71.90,72.90,73.40,43.90,82.60,0.00,0.03,1.00
27-Aug-26 11:00:00 AM EDT,0.00,0.00,74.20,82.40,0.00,0.00,76.80,76.70,76.75,48.10,57.20,38.70,40.60,65.70,59.80,50.40,72.10,72.80,73.50,44.40,82.60,78.30,0.03,1.00
27-Aug-26 12:00:00 PM EDT,0.00,0.00,73.50,82.80,0.00,0.00,76.10,76.10,76.09,48.40,48.60,38.70,29.00,65.10,57.60,50.50,72.00,73.10,73.50,44.70,82.90,76.40,0.04,1.00
27-Aug-26 1:00:00 PM EDT,0.00,0.00,74.30,82.90,0.00,0.00,76.80,76.70,76.75,47.60,58.30,39.70,32.70,62.60,55.70,49.90,71.80,73.00,73.30,44.90,82.70,77.90,0.04,1.00
27-Aug-26 2:00:00 PM EDT,0.00,0.00,74.10,82.80,0.00,0.00,76.70,76.50,76.60,47.90,45.90,35.20,32.30,64.50,60.00,50.10,72.10,73.00,73.60,44.50,82.80,76.80,0.04,1.00
27-Aug-26 3:00:00 PM EDT,0.00,0.00,73.10,83.30,0.00,0.00,75.70,75.70,75.69,47.70,58.20,35.50,26.60,63.40,55.10,49.90,72.00,73.10,73.50,44.70,83.00,0.00,0.04,1.00
27-Aug-26 4:00:00 PM EDT,0.00,0.00,72.90,82.60,0.00,0.00,75.40,75.40,75.41,47.80,57.90,32.90,41.30,63.70,61.00,50.00,72.00,72.80,73.40,44.90,82.80,75.50,0.04,1.00
27-Aug-26 5:00:00 PM EDT,0.00,0.00,72.40,82.20,0.00,0.00,74.70,74.90,74.82,48.00,40.90,36.30,39.60,64.70,62.20,50.20,72.10,72.80,73.50,44.70,82.60,74.50,0.04,1.00
27-Aug-26 6:00:00 PM EDT,0.00,0.00,72.50,82.80,0.00,0.00,74.80,75.00,74.92,47.70,40.30,40.10,28.60,63.40,53.90,49.90,71.90,73.00,73.40,44.50,82.60,74.10,0.04,1.00
27-Aug-26 7:00:00 PM EDT,0.00,0.00,72.60,82.80,0.00,0.00,75.00,75.10,75.03,47.90,58.40,39.20,35.70,64.70,61.60,50.10,72.00,72.90,73.40,44.80,82.80,75.30,0.03,1.00
27-Aug-26 8:00:00 PM EDT,0.00,0.00,72.90,82.50,0.00,0.00,75.30,75.40,75.38,47.70,42.90,36.90,31.20,65.40,67.50,50.10,72.10,73.10,73.60,44.10,82.80,0.00,0.02,1.00
27-Aug-26 9:00:00 PM EDT,0.00,0.00,73.10,83.00,0.00,0.00,75.50,75.60,75.55,48.00,55.90,38.10,30.10,65.30,58.20,50.10,72.10,73.10,73.60,44.40,82.70,75.50,0.02,1.00
27-Aug-26 10:00:00 PM EDT,0.00,0.00,73.10,83.30,0.00,0.00,75.50,75.60,75.56,47.60,41.00,37.20,26.80,65.70,64.60,49.80,72.20,73.20,73.70,43.90,82.50,75.00,0.03,1.00
27-Aug-26 11:00:00 PM EDT,0.00,0.00,72.50,82.50,0.00,0.00,74.80,75.00,74.91,47.70,51.80,41.80,35.20,66.10,54.00,49.90,71.90,72.90,73.30,44.20,82.00,75.00,0.03,1.00
28-Aug-26 12:00:00 AM EDT,0.00,0.00,72.70,81.90,0.00,0.00,75.10,75.20,75.14,47.70,49.20,39.30,41.70,66.60,67.70,50.00,72.10,72.80,73.50,43.70,82.10,74.90,0.03,1.00
28-Aug-26 1:00:00 AM EDT,0.00,0.00,72.80,82.50,0.00,0.00,75.30,75.30,75.31,48.00,48.10,41.90,36.00,66.40,55.70,50.10,71.90,72.90,73.40,44.10,82.10,0.00,0.03,1.00
28-Aug-26 2:00:00 AM EDT,0.00,0.00,73.00,81.50,0.00,0.00,75.40,75.50,75.43,47.50,47.80,38.90,39.50,66.50,75.20,50.00,72.10,73.00,73.60,43.50,81.90,75.30,0.03,1.00
28-Aug-26 3:00:00 AM EDT,0.00,0.00,72.70,82.10,0.00,0.00,75.10,75.20,75.13,48.00,48.40,41.80,41.20,66.50,56.60,50.10,71.90,72.80,73.40,44.10,82.20,74.90,0.03,1.00
28-Aug-26 4:00:00 AM EDT,0.00,0.00,72.60,81.70,0.00,0.00,75.00,75.10,75.07,47.50,40.10,40.10,32.00,66.20,69.80,49.90,72.00,73.10,73.60,43.30,82.10,74.30,0.03,1.00
28-Aug-26 5:00:00 AM EDT,0.00,0.00,72.30,82.60,0.00,0.00,74.70,74.90,74.79,47.50,48.50,43.10,33.40,66.50,53.70,49.70,71.80,72.90,73.30,43.80,82.30,74.10,0.03,1.00
28-Aug-26 6:00:00 AM EDT,0.00,0.00,72.50,82.20,0.00,0.00,74.80,75.00,74.90,47.80,45.10,39.30,31.00,65.80,64.90,50.00,72.10,73.10,73.60,43.50,82.10,0.00,0.03,1.00
28-Aug-26 7:00:00 AM EDT,0.00,0.00,72.80,82.70,0.00,0.00,75.20,75.40,75.29,47.90,50.70,41.10,21.30,65.30,57.20,50.00,71.90,73.30,73.60,43.70,82.20,74.80,0.03,1.00
28-Aug-26 8:00:00 AM EDT,0.00,0.00,72.60,82.10,0.00,0.00,74.90,75.10,74.99,47.60,51.00,39.30,40.40,67.00,73.30,50.00,72.20,73.00,73.60,43.40,82.20,74.10,0.03,1.00
28-Aug-26 9:00:00 AM EDT,0.00,0.00,72.50,82.50,0.00,0.00,74.90,75.10,74.98,48.00,50.50,42.40,27.60,65.50,54.40,50.20,71.90,73.10,73.40,43.90,82.60,75.20,0.03,1.00
28-Aug-26 10:00:00 AM EDT,0.00,0.00,73.40,82.00,0.00,0.00,76.00,76.00,75.96,47.40,45.80,38.80,34.20,65.30,70.40,49.90,72.10,73.10,73.60,43.60,82.20,77.30,0.03,1.00
28-Aug-26 11:00:00 AM EDT,0.00,0.00,74.20,82.70,0.00,0.00,76.70,76.70,76.70,50.00,66.70,36.20,25.80,65.80,67.60,51.90,72.20,74.40,74.00,44.00,82.70,0.00,0.03,1.00
28-Aug-26 12:00:00 PM EDT,0.00,0.00,75.10,82.50,0.00,0.00,77.60,77.40,77.49,47.50,47.10,38.30,43.60,65.10,68.30,50.00,72.10,73.80,73.70,44.10,82.50,78.60,0.02,1.00
28-Aug-26 1:00:00 PM EDT,0.00,0.00,75.40,83.30,0.00,0.00,78.00,77.70,77.84,47.90,49.70,39.00,28.10,63.00,55.30,50.10,72.00,74.10,73.60,44.20,83.10,80.40,0.02,1.00
28-Aug-26 2:00:00 PM EDT,0.00,0.00,75.40,82.70,0.00,0.00,78.00,77.70,77.86,45.30,59.90,42.30,44.20,63.70,59.80,47.90,71.80,73.70,73.40,44.00,83.10,81.80,0.02,1.00
28-Aug-26 3:00:00 PM EDT,0.00,0.00,76.50,82.60,0.00,0.00,79.00,78.60,78.81,47.50,53.10,39.00,34.90,62.70,59.80,49.90,72.00,74.00,73.60,44.00,82.90,82.70,0.03,1.00
28-Aug-26 4:00:00 PM EDT,0.00,0.00,77.30,83.30,0.00,0.00,79.80,79.20,79.51,47.60,41.10,37.20,24.20,62.20,55.60,49.90,72.00,74.20,73.70,44.10,83.50,0.00,0.02,1.00
28-Aug-26 5:00:00 PM EDT,0.00,0.00,77.60,83.10,0.00,0.00,80.20,79.60,79.88,47.80,54.10,30.70,36.20,62.30,62.30,50.20,72.10,73.90,73.70,44.50,83.30,84.20,0.02,1.00
28-Aug-26 6:00:00 PM EDT,0.00,0.00,77.90,83.60,0.00,0.00,80.40,79.70,80.07,47.50,50.50,28.00,29.90,60.30,54.60,49.80,72.00,73.90,73.60,44.40,83.50,84.60,0.02,1.00
28-Aug-26 7:00:00 PM EDT,0.00,0.00,77.30,83.50,0.00,0.00,79.90,79.30,79.58,47.40,45.70,38.20,25.70,62.30,56.90,49.70,71.80,74.10,73.40,44.50,83.10,84.00,0.02,1.00
28-Aug-26 8:00:00 PM EDT,0.00,0.00,77.10,82.80,0.00,0.00,79.70,79.10,79.40,47.70,49.80,40.10,46.70,64.70,65.10,50.30,71.90,73.70,73.50,44.40,83.00,83.30,0.03,1.00
28-Aug-26 9:00:00 PM EDT,0.00,0.00,77.10,82.80,0.00,0.00,79.60,79.10,79.37,47.40,43.30,36.80,28.50,64.00,68.60,49.80,72.10,74.30,73.80,43.50,82.80,0.00,0.03,1.00
28-Aug-26 10:00:00 PM EDT,0.00,0.00,76.50,82.30,0.00,0.00,79.00,78.60,78.81,47.60,38.10,38.80,40.90,65.50,63.20,50.10,72.10,73.70,73.60,43.60,82.40,82.20,0.02,1.00
28-Aug-26 11:00:00 PM EDT,0.00,0.00,75.80,82.50,0.00,0.00,78.40,78.10,78.22,47.70,53.00,39.90,16.70,62.10,54.80,49.90,71.80,74.40,73.50,43.70,82.00,80.30,0.02,1.00
29-Aug-26 12:00:00 AM EDT,0.00,0.00,75.00,82.20,0.00,0.00,77.50,77.30,77.38,47.30,35.60,38.50,27.70,62.90,63.50,49.70,72.00,74.20,73.70,42.90,81.80,78.00,0.02,1.00
29-Aug-26 1:00:00 AM EDT,0.00,0.00,73.90,81.90,0.00,0.00,76.40,76.40,76.40,48.60,52.00,41.50,32.60,65.00,53.70,50.60,71.80,73.80,73.40,43.70,81.90,75.70,0.02,1.00
29-Aug-26 2:00:00 AM EDT,0.00,0.00,73.20,81.80,0.00,0.00,75.70,75.80,75.75,48.10,68.70,39.00,18.10,64.30,56.20,50.10,72.00,74.20,73.60,43.40,81.40,0.00,0.02,1.00
29-Aug-26 3:00:00 AM EDT,0.00,0.00,72.40,81.30,0.00,0.00,74.60,74.90,74.77,47.90,74.40,37.70,28.70,64.60,71.60,50.00,72.10,74.30,73.80,43.10,81.10,73.20,0.02,1.00
29-Aug-26 4:00:00 AM EDT,0.00,0.00,71.60,80.90,0.00,0.00,73.70,74.10,73.91,48.40,92.80,41.20,49.70,67.60,63.90,50.50,72.00,73.50,73.50,43.80,81.20,71.60,0.02,1.00
29-Aug-26 5:00:00 AM EDT,0.00,0.00,70.90,81.70,0.00,0.00,72.90,73.40,73.18,48.60,100.00,41.90,25.90,65.70,54.50,50.40,71.80,74.00,73.50,44.10,80.90,69.30,0.03,1.00
29-Aug-26 6:00:00 AM EDT,100.00,0.00,70.50,80.70,0.00,0.00,72.50,73.10,72.78,46.30,49.60,39.60,27.40,65.30,66.80,48.40,72.10,74.50,73.80,41.80,80.40,68.30,0.03,1.00
29-Aug-26 7:00:00 AM EDT,100.00,0.00,69.90,79.30,0.00,0.00,71.90,72.60,72.26,48.20,39.60,40.60,57.10,68.40,66.80,50.40,72.10,73.50,73.60,42.70,79.60,0.00,0.02,1.00
29-Aug-26 8:00:00 AM EDT,100.00,0.00,69.70,80.20,0.00,0.00,71.70,72.40,72.07,47.70,36.60,42.50,17.20,65.20,54.80,49.60,71.80,74.30,73.60,42.30,80.00,67.50,0.03,1.00
29-Aug-26 9:00:00 AM EDT,100.00,0.00,70.20,79.60,0.00,0.00,72.20,72.80,72.47,48.40,45.50,40.30,54.90,68.50,73.90,50.60,72.20,73.70,73.70,42.20,79.90,68.50,0.03,1.00
29-Aug-26 10:00:00 AM EDT,100.00,0.00,70.30,80.60,0.00,0.00,72.30,72.90,72.60,48.30,55.20,43.90,26.40,66.40,54.40,50.20,71.80,74.10,73.50,42.70,80.30,69.20,0.03,1.00
29-Aug-26 11:00:00 AM EDT,100.00,0.00,71.00,79.60,0.00,0.00,73.00,73.50,73.28,48.00,39.00,39.60,45.80,66.90,70.90,50.30,72.20,73.90,73.80,42.20,80.00,70.70,0.03,1.00
29-Aug-26 12:00:00 PM EDT,25.00,0.00,71.20,80.60,0.00,0.00,73.20,73.70,73.50,47.40,48.70,43.50,19.20,65.20,54.70,49.50,71.80,74.30,73.50,42.20,80.20,0.00,0.03,1.00
29-Aug-26 1:00:00 PM EDT,0.00,0.00,72.30,80.70,0.00,0.00,74.60,74.90,74.73,48.00,49.30,39.80,19.20,66.10,56.80,50.20,72.00,74.30,73.80,42.20,80.60,72.70,0.03,1.00
29-Aug-26 2:00:00 PM EDT,0.00,0.00,72.80,81.00,0.00,0.00,75.20,75.30,75.24,48.10,35.80,41.10,40.70,67.90,58.10,50.30,72.10,73.70,73.60,42.10,80.80,74.00,0.02,1.00
29-Aug-26 3:00:00 PM EDT,0.00,0.00,73.90,84.70,0.00,0.00,83.10,81.80,82.46,79.20,0.00,0.00,0.00,68.60,74.20,85.80,73.50,74.80,74.90,38.40,84.70,77.50,0.06,0.05
29-Aug-26 4:00:00 PM EDT,0.00,0.00,81.90,84.70,0.00,0.00,107.50,104.50,105.96,126.80,0.00,0.00,0.00,73.20,75.40,163.00,74.30,76.20,77.90,38.60,84.70,78.20,0.06,0.05
29-Aug-26 5:00:00 PM EDT,0.00,0.00,83.00,84.70,0.00,0.00,121.90,118.10,120.02,129.20,0.00,0.00,0.00,76.90,77.80,145.70,76.60,77.60,79.50,35.00,84.70,0.00,0.07,0.05
29-Aug-26 6:00:00 PM EDT,0.00,0.00,87.40,84.70,0.00,0.00,129.80,126.10,127.95,138.90,0.00,0.00,0.00,78.60,80.10,162.70,77.00,78.00,80.70,38.00,84.70,79.50,0.06,0.05
29-Aug-26 7:00:00 PM EDT,0.00,0.00,94.30,84.70,0.00,0.00,137.60,133.50,135.56,147.80,0.00,0.00,0.00,78.10,79.00,171.00,77.10,78.70,80.50,39.20,84.70,82.40,0.07,0.05
29-Aug-26 8:00:00 PM EDT,0.00,0.00,98.20,84.70,0.00,0.00,141.60,137.10,139.37,160.40,0.00,0.00,0.00,79.30,79.80,188.50,78.00,79.30,81.60,38.80,84.70,84.20,0.06,0.05
29-Aug-26 9:00:00 PM EDT,0.00,0.00,100.90,84.70,0.00,0.00,146.90,143.00,144.93,160.80,0.00,0.00,0.00,79.40,79.60,183.50,78.10,79.50,81.40,38.10,84.70,84.00,0.06,0.05
29-Aug-26 10:00:00 PM EDT,0.00,0.00,101.10,84.70,0.00,0.00,148.90,146.00,147.45,162.40,0.00,0.00,0.00,79.40,80.00,185.70,78.10,79.50,81.80,37.30,84.70,0.00,0.07,0.05
29-Aug-26 11:00:00 PM EDT,0.00,0.00,102.60,84.70,0.00,0.00,149.90,147.00,148.47,167.60,0.00,0.00,0.00,80.00,80.00,193.00,78.00,79.40,81.70,36.90,84.70,83.30,0.06,0.05
30-Aug-26 12:00:00 AM EDT,0.00,0.00,103.50,84.70,0.00,0.00,152.00,149.30,150.62,168.50,0.00,0.00,0.00,80.10,79.90,192.60,78.00,79.30,81.80,36.70,84.70,83.50,0.06,0.05
30-Aug-26 1:00:00 AM EDT,0.00,0.00,105.40,84.70,0.00,0.00,153.70,150.90,152.29,170.80,0.00,0.00,0.00,80.10,79.80,194.50,77.80,79.30,81.60,36.80,84.70,83.80,0.07,0.05
30-Aug-26 2:00:00 AM EDT,0.00,0.00,105.10,84.70,0.00,0.00,154.40,151.80,153.07,171.10,0.00,0.00,0.00,80.40,79.90,195.00,77.90,79.20,81.90,36.40,84.70,84.10,0.07,0.05
30-Aug-26 3:00:00 AM EDT,0.00,0.00,108.10,84.70,0.00,0.00,155.60,152.50,154.07,175.70,0.00,0.00,0.00,80.40,79.60,197.90,77.50,79.10,81.50,36.90,83.20,73.80,0.04,0.53
30-Aug-26 4:00:00 AM EDT,0.00,0.00,73.10,81.90,0.00,0.00,75.80,76.30,76.04,53.90,33.00,0.00,0.00,58.60,58.00,55.90,72.50,77.10,74.70,47.80,81.80,0.00,0.02,1.00
30-Aug-26 5:00:00 AM EDT,0.00,0.00,72.00,82.20,0.00,0.00,74.30,74.80,74.53,51.10,60.10,20.20,0.00,56.60,55.10,52.70,71.30,75.60,73.20,49.30,82.20,72.00,0.02,1.00
30-Aug-26 6:00:00 AM EDT,0.00,0.00,71.60,82.00,0.00,0.00,73.90,74.40,74.11,50.40,100.00,38.40,0.00,64.10,54.20,52.20,72.00,74.20,73.70,46.60,82.10,71.60,0.02,1.00
30-Aug-26 7:00:00 AM EDT,0.00,0.00,71.50,81.90,0.00,0.00,73.70,74.10,73.91,47.60,36.90,41.20,33.10,65.60,53.30,49.80,72.00,73.80,73.60,43.50,81.60,71.40,0.03,1.00
30-Aug-26 8:00:00 AM EDT,0.00,0.00,71.60,80.70,0.00,0.00,73.70,74.20,73.97,47.90,37.60,37.40,41.90,65.30,74.50,50.40,72.20,73.90,73.80,43.20,81.00,71.20,0.03,1.00
30-Aug-26 9:00:00 AM EDT,0.00,0.00,71.60,81.40,0.00,0.00,73.70,74.20,73.96,48.30,47.90,41.40,33.40,65.50,54.00,50.30,71.90,73.90,73.50,43.60,81.40,0.00,0.03,1.00
30-Aug-26 10:00:00 AM EDT,0.00,0.00,72.70,80.80,0.00,0.00,75.00,75.20,75.10,47.70,55.10,37.20,34.40,64.50,77.10,50.10,72.20,74.20,73.90,43.00,81.40,73.40,0.03,1.00
30-Aug-26 11:00:00 AM EDT,0.00,0.00,73.70,81.40,0.00,0.00,76.30,76.30,76.28,47.80,36.10,40.80,43.90,66.20,58.10,50.10,72.00,73.70,73.60,42.60,81.50,76.50,0.02,1.00
30-Aug-26 12:00:00 PM EDT,0.00,0.00,74.60,81.80,0.00,0.00,77.20,77.10,77.15,48.10,56.10,38.50,27.10,64.40,65.60,50.40,72.10,74.20,73.70,43.30,81.90,78.90,0.02,1.00
30-Aug-26 1:00:00 PM EDT,0.00,0.00,74.70,82.20,0.00,0.00,77.30,77.20,77.23,47.30,50.70,41.80,37.10,66.00,53.80,49.60,71.90,73.80,73.60,43.00,82.60,80.10,0.02,1.01
30-Aug-26 2:00:00 PM EDT,0.00,0.00,75.20,83.00,0.00,0.00,77.80,77.70,77.74,47.40,45.60,38.50,22.90,63.90,71.10,49.90,72.10,74.40,73.90,42.80,82.60,0.00,0.02,1.00
30-Aug-26 3:00:00 PM EDT,0.00,0.00,75.30,82.50,0.00,0.00,77.90,77.70,77.76,47.60,45.60,40.70,42.80,65.80,54.60,50.10,72.00,73.70,73.60,43.30,82.90,79.60,0.02,1.00
30-Aug-26 4:00:00 PM EDT,0.00,0.00,76.00,83.20,0.00,0.00,78.50,78.30,78.42,47.70,59.60,38.20,17.70,63.30,61.60,50.00,72.10,74.50,73.80,43.30,82.80,80.40,0.03,1.00
30-Aug-26 5:00:00 PM EDT,0.00,0.00,75.20,82.50,0.00,0.00,77.80,77.60,77.68,47.40,53.10,39.30,43.90,65.80,67.80,50.10,72.10,73.80,73.70,43.10,82.90,80.00,0.03,1.00
30-Aug-26 6:00:00 PM EDT,0.00,0.00,75.90,83.30,0.00,0.00,78.50,78.20,78.35,47.50,55.10,40.30,21.40,64.00,57.70,50.00,71.90,74.30,73.60,43.40,83.20,81.60,0.03,1.00
30-Aug-26 7:00:00 PM EDT,0.00,0.00,76.30,83.80,0.00,0.00,78.80,78.50,78.68,47.20,60.70,36.60,22.40,61.20,60.80,49.80,72.10,74.30,73.80,43.10,83.40,0.00,0.03,1.00
30-Aug-26 8:00:00 PM EDT,0.00,0.00,76.10,82.60,0.00,0.00,78.60,78.30,78.47,47.20,51.00,38.40,46.80,65.80,70.80,49.90,72.10,73.70,73.70,43.10,83.00,81.20,0.03,1.00
30-Aug-26 9:00:00 PM EDT,0.00,0.00,75.80,83.20,0.00,0.00,78.40,78.10,78.26,47.70,41.30,41.10,42.00,65.30,54.40,50.10,71.90,73.70,73.50,43.50,83.20,80.80,0.03,1.00
30-Aug-26 10:00:00 PM EDT,0.00,0.00,75.90,83.50,0.00,0.00,78.50,78.20,78.37,47.60,48.70,39.70,17.50,61.90,59.50,49.90,71.90,74.50,73.70,43.40,83.20,80.20,0.03,1.00
30-Aug-26 11:00:00 PM EDT,0.00,0.00,75.40,82.60,0.00,0.00,77.90,77.70,77.82,47.70,55.00,37.70,43.50,65.50,73.60,50.40,72.10,73.90,73.80,43.50,83.00,79.30,0.03,1.00
31-Aug-26 12:00:00 AM EDT,0.00,0.00,74.80,82.60,0.00,0.00,77.40,77.20,77.32,47.30,56.80,40.50,54.50,66.60,67.80,49.90,72.00,73.50,73.60,43.60,82.70,0.00,0.02,1.00
31-Aug-26 1:00:00 AM EDT,0.00,0.00,74.80,82.70,0.00,0.00,77.40,77.20,77.31,47.50,38.60,40.70,42.60,66.70,63.50,50.00,72.00,73.80,73.60,43.30,82.60,78.50,0.02,1.00
31-Aug-26 2:00:00 AM EDT,0.00,0.00,74.30,82.60,0.00,0.00,76.90,76.80,76.86,47.50,41.50,41.70,33.80,66.30,55.70,49.80,71.90,74.00,73.50,43.90,82.30,77.80,0.02,1.00
31-Aug-26 3:00:00 AM EDT,0.00,0.00,74.30,82.50,0.00,0.00,76.90,76.80,76.86,48.60,49.70,39.70,23.70,63.80,55.90,50.70,71.90,74.20,73.70,44.10,82.20,76.50,0.02,1.00
31-Aug-26 4:00:00 AM EDT,0.00,0.00,73.60,81.70,0.00,0.00,76.20,76.20,76.20,47.40,51.90,37.40,32.70,65.00,76.70,49.90,72.20,74.10,73.90,43.00,81.40,75.70,0.02,1.00
31-Aug-26 5:00:00 AM EDT,0.00,0.00,73.10,81.50,0.00,0.00,75.60,75.70,75.64,47.80,39.80,41.60,49.40,67.50,59.90,50.10,72.00,73.60,73.50,43.40,81.60,0.00,0.03,1.00
31-Aug-26 6:00:00 AM EDT,0.00,0.00,72.90,82.00,0.00,0.00,75.30,75.50,75.37,47.90,47.70,42.30,39.80,65.80,56.20,50.00,71.80,73.90,73.50,43.60,81.70,74.80,0.03,1.00
31-Aug-26 7:00:00 AM EDT,0.00,0.00,72.60,81.90,0.00,0.00,74.90,75.20,75.02,47.90,52.90,42.70,35.70,65.50,55.00,50.00,71.80,74.00,73.50,43.60,81.60,73.80,0.03,1.00
31-Aug-26 8:00:00 AM EDT,0.00,0.00,72.30,81.90,0.00,0.00,74.60,74.90,74.73,47.70,55.80,40.70,18.70,64.50,57.10,49.90,71.90,74.40,73.70,43.30,81.40,72.90,0.03,1.00
31-Aug-26 9:00:00 AM EDT,0.00,0.00,72.50,81.60,0.00,0.00,74.80,75.10,74.95,52.10,22.60,36.10,10.50,63.80,60.30,54.00,72.10,74.50,73.80,46.80,81.40,73.40,0.03,1.00
31-Aug-26 10:00:00 AM EDT,0.00,0.00,72.10,81.90,0.00,0.00,74.40,74.70,74.54,46.70,40.30,40.50,27.30,64.80,58.70,49.10,71.90,74.10,73.60,43.80,81.60,0.00,0.03,1.00
31-Aug-26 11:00:00 AM EDT,0.00,0.00,72.20,82.00,0.00,0.00,74.40,74.70,74.55,47.70,40.20,37.30,26.70,64.30,66.80,49.90,72.10,74.30,73.80,43.70,81.90,72.80,0.03,1.00
31-Aug-26 12:00:00 PM EDT,0.00,0.00,72.60,81.40,0.00,0.00,74.90,75.10,75.03,47.80,48.70,39.50,45.30,63.90,59.20,50.00,71.90,73.70,73.50,44.70,81.70,74.20,0.04,1.00
31-Aug-26 1:00:00 PM EDT,0.00,0.00,73.70,82.50,0.00,0.00,76.30,76.30,76.28,48.30,45.50,38.60,23.60,61.10,55.00,50.40,71.90,74.20,73.60,44.40,82.20,76.80,0.03,1.00
31-Aug-26 2:00:00 PM EDT,0.00,0.00,74.50,82.30,0.00,0.00,77.00,76.90,76.93,47.40,54.20,40.20,38.40,63.50,54.70,49.70,71.80,73.80,73.40,44.10,82.40,78.30,0.03,1.00
31-Aug-26 3:00:00 PM EDT,0.00,0.00,74.70,81.90,0.00,0.00,77.30,77.10,77.19,47.70,44.40,37.70,45.20,63.90,67.60,50.20,72.10,73.80,73.70,43.80,82.40,0.00,0.03,1.00
31-Aug-26 4:00:00 PM EDT,0.00,0.00,74.80,82.20,0.00,0.00,77.30,77.10,77.19,47.70,45.50,36.30,35.80,62.50,67.10,50.10,72.10,74.00,73.70,43.90,82.50,78.40,0.03,1.00
31-Aug-26 5:00:00 PM EDT,0.00,0.00,73.90,82.60,0.00,0.00,76.50,76.50,76.48,47.50,41.80,38.80,24.00,61.20,62.00,49.80,71.90,74.20,73.60,43.90,82.40,76.70,0.03,1.00
31-Aug-26 6:00:00 PM EDT,0.00,0.00,73.60,82.80,0.00,0.00,76.20,76.20,76.18,48.00,48.70,38.20,21.40,61.60,58.20,50.20,71.90,74.30,73.60,44.10,82.40,76.10,0.03,1.00
31-Aug-26 7:00:00 PM EDT,0.00,0.00,73.40,82.10,0.00,0.00,75.90,75.90,75.88,47.60,57.00,38.60,36.80,65.20,65.80,50.00,72.10,74.00,73.70,43.80,82.30,75.80,0.03,1.00
31-Aug-26 8:00:00 PM EDT,0.00,0.00,73.40,82.80,0.00,0.00,75.90,76.00,75.90,47.50,50.80,38.10,13.90,62.10,62.60,49.70,72.00,74.60,73.80,43.10,82.50,0.00,0.03,1.00
31-Aug-26 9:00:00 PM EDT,0.00,0.00,72.90,81.90,0.00,0.00,75.30,75.50,75.41,47.60,43.40,39.30,48.00,66.30,65.60,50.10,72.10,73.60,73.60,43.30,82.10,75.00,0.03,1.00
31-Aug-26 10:00:00 PM EDT,0.00,0.00,72.90,82.60,0.00,0.00,75.30,75.50,75.38,47.60,44.20,42.30,31.10,65.20,57.00,49.80,71.80,74.10,73.50,43.50,82.30,74.30,0.03,1.00
31-Aug-26 11:00:00 PM EDT,0.00,0.00,72.90,82.60,0.00,0.00,75.30,75.50,75.38,47.60,47.60,39.60,15.70,63.60,61.30,49.80,72.00,74.50,73.70,43.20,82.30,74.30,0.03,1.00
01-Sep-26 12:00:00 AM EDT,0.00,0.00,72.60,81.70,0.00,0.00,75.00,75.20,75.11,48.00,48.00,39.90,55.80,67.60,66.70,50.40,72.10,73.50,73.60,43.50,82.20,74.30,0.03,1.00
01-Sep-26 1:00:00 AM EDT,0.00,0.00,72.80,82.80,0.00,0.00,75.20,75.40,75.33,47.40,58.10,43.20,35.00,65.20,53.90,49.70,71.80,73.90,73.50,43.50,82.70,0.00,0.03,1.00
01-Sep-26 2:00:00 AM EDT,0.00,0.00,73.00,82.90,0.00,0.00,75.40,75.60,75.50,47.30,49.50,39.80,18.50,64.50,59.00,49.60,72.00,74.50,73.80,42.90,82.50,74.50,0.03,1.00
01-Sep-26 3:00:00 AM EDT,0.00,0.00,72.90,82.60,0.00,0.00,75.20,75.40,75.31,47.20,41.30,38.60,26.90,65.30,70.40,49.70,72.10,74.50,73.90,42.80,82.50,74.30,0.03,1.00
01-Sep-26 4:00:00 AM EDT,0.00,0.00,72.90,81.70,0.00,0.00,75.20,75.40,75.33,48.00,41.70,37.60,34.70,65.70,79.40,50.50,72.20,74.10,73.90,43.20,82.00,74.50,0.03,1.00
01-Sep-26 5:00:00 AM EDT,0.00,0.00,72.80,82.10,0.00,0.00,75.30,75.40,75.32,48.20,55.90,42.20,50.10,66.80,60.50,50.50,71.90,73.50,73.50,44.10,82.40,75.10,0.03,1.00
01-Sep-26 6:00:00 AM EDT,0.00,0.00,72.90,83.10,0.00,0.00,75.30,75.50,75.41,47.20,51.00,42.90,34.70,65.00,54.00,49.50,71.80,74.00,73.50,43.40,82.70,0.00,0.03,1.00
01-Sep-26 7:00:00 AM EDT,0.00,0.00,72.90,82.80,0.00,0.00,75.30,75.50,75.44,47.20,40.10,41.30,20.50,64.70,55.90,49.50,71.90,74.40,73.70,43.10,82.40,74.60,0.03,1.00
01-Sep-26 8:00:00 AM EDT,0.00,0.00,73.00,82.40,0.00,0.00,75.50,75.70,75.55,48.00,53.70,39.70,17.10,64.80,60.20,50.20,72.00,74.50,73.70,43.70,82.20,74.70,0.03,1.00
01-Sep-26 9:00:00 AM EDT,0.00,0.00,73.40,82.80,0.00,0.00,75.90,76.00,75.93,47.60,56.50,38.70,21.00,64.40,66.50,49.80,72.10,74.50,73.80,43.30,82.70,75.90,0.03,1.00
01-Sep-26 10:00:00 AM EDT,0.00,0.00,73.30,82.20,0.00,0.00,75.80,75.80,75.80,47.80,59.80,38.20,45.70,65.30,74.00,50.30,72.20,73.90,73.80,43.80,82.70,76.00,0.03,1.00
01-Sep-26 11:00:00 AM EDT,0.00,0.00,73.60,82.50,0.00,0.00,76.10,76.20,76.15,47.20,54.00,39.40,47.60,65.90,68.00,49.80,72.10,73.70,73.70,44.00,82.80,0.00,0.03,1.00
01-Sep-26 12:00:00 PM EDT,0.00,0.00,74.40,83.30,0.00,0.00,76.90,76.90,76.90,47.70,38.20,39.80,13.40,62.70,55.80,50.00,71.90,74.40,73.60,44.20,82.70,77.50,0.03,1.00
01-Sep-26 1:00:00 PM EDT,0.00,0.00,74.30,82.80,0.00,0.00,76.90,76.80,76.85,48.10,53.50,37.10,39.60,64.20,72.30,50.60,72.10,74.00,73.80,44.50,83.00,77.60,0.03,1.00
01-Sep-26 2:00:00 PM EDT,0.00,0.00,73.70,83.00,0.00,0.00,76.30,76.30,76.26,47.60,56.80,40.30,44.50,65.50,61.80,50.00,72.00,73.70,73.60,44.40,83.10,77.70,0.03,1.00
01-Sep-26 3:00:00 PM EDT,0.00,0.00,74.40,83.50,0.00,0.00,77.00,76.90,76.94,47.50,54.90,39.80,21.90,62.40,56.90,49.80,71.90,74.20,73.60,44.30,83.40,79.80,0.03,1.00
01-Sep-26 4:00:00 PM EDT,0.00,0.00,75.80,83.50,0.00,0.00,78.40,78.10,78.23,47.80,57.40,37.70,40.80,62.60,62.30,50.20,72.10,73.80,73.70,44.70,83.70,0.00,0.03,1.00
01-Sep-26 5:00:00 PM EDT,0.00,0.00,76.40,83.50,0.00,0.00,79.00,78.60,78.80,47.50,55.40,37.00,37.10,62.00,58.80,49.90,72.00,73.90,73.60,44.70,83.70,82.10,0.03,1.00
01-Sep-26 6:00:00 PM EDT,0.00,0.00,76.30,83.90,0.00,0.00,78.90,78.50,78.72,47.80,58.80,36.80,34.10,62.00,54.30,50.10,71.90,73.90,73.50,44.80,83.80,81.90,0.03,1.00
01-Sep-26 7:00:00 PM EDT,0.00,0.00,75.90,83.30,0.00,0.00,78.50,78.10,78.32,47.10,54.80,40.60,44.00,64.30,59.50,49.60,71.90,73.70,73.50,44.20,83.30,80.30,0.04,1.00
01-Sep-26 8:00:00 PM EDT,0.00,0.00,74.80,83.70,0.00,0.00,77.50,77.30,77.39,48.00,44.50,39.30,15.40,62.30,55.40,50.30,71.90,74.40,73.70,44.10,83.30,77.70,0.03,1.00
01-Sep-26 9:00:00 PM EDT,0.00,0.00,74.40,82.90,0.00,0.00,76.90,76.80,76.90,47.00,54.20,37.90,38.60,64.30,73.00,49.60,72.10,73.90,73.70,43.80,82.80,0.00,0.03,1.00
01-Sep-26 10:00:00 PM EDT,0.00,0.00,72.30,81.80,0.00,0.00,74.60,74.90,74.74,47.60,38.60,39.80,51.70,66.40,69.00,50.10,72.10,73.60,73.70,44.20,81.90,73.50,0.03,1.00
01-Sep-26 11:00:00 PM EDT,0.00,0.00,71.20,81.90,0.00,0.00,73.30,73.80,73.53,47.40,52.90,42.40,33.70,64.60,53.80,49.50,71.80,73.80,73.40,44.50,81.40,70.40,0.03,1.00
02-Sep-26 12:00:00 AM EDT,0.00,0.00,70.70,81.80,0.00,0.00,72.80,73.30,73.02,47.70,40.10,41.50,26.50,64.80,56.80,49.80,71.90,74.20,73.60,44.00,81.60,69.20,0.03,1.00
02-Sep-26 1:00:00 AM EDT,0.00,0.00,70.70,81.80,0.00,0.00,72.70,73.30,73.02,47.80,43.80,38.50,23.70,64.60,70.60,49.90,72.10,74.40,73.80,43.70,81.50,69.40,0.03,1.00
02-Sep-26 2:00:00 AM EDT,0.00,0.00,70.70,81.70,0.00,0.00,72.70,73.30,73.03,47.80,43.30,39.20,19.10,64.80,68.90,49.90,72.10,74.50,73.80,43.60,81.40,0.00,0.03,1.00
02-Sep-26 3:00:00 AM EDT,0.00,0.00,70.50,80.50,0.00,0.00,72.50,73.10,72.77,47.80,39.00,39.00,44.90,66.30,76.20,50.20,72.20,73.90,73.80,43.40,80.90,68.90,0.03,1.00
02-Sep-26 4:00:00 AM EDT,0.00,0.00,70.30,81.40,0.00,0.00,72.30,72.90,72.61,47.80,38.80,39.50,27.30,65.50,64.40,49.80,72.00,74.30,73.70,43.40,81.20,68.50,0.03,1.00
02-Sep-26 5:00:00 AM EDT,0.00,0.00,70.20,80.80,0.00,0.00,72.20,72.80,72.50,47.90,40.00,38.50,39.10,65.70,75.90,50.10,72.10,74.10,73.80,43.40,81.10,68.90,0.04,1.00
02-Sep-26 6:00:00 AM EDT,0.00,0.00,70.10,80.50,0.00,0.00,72.20,72.80,72.48,48.20,44.20,39.00,49.20,67.30,78.70,50.50,72.20,73.80,73.80,43.60,81.10,68.00,0.03,1.00
02-Sep-26 7:00:00 AM EDT,0.00,0.00,70.00,80.80,0.00,0.00,72.00,72.70,72.35,47.90,54.40,39.30,44.90,66.90,79.30,50.30,72.10,74.10,73.70,43.60,81.20,0.00,0.03,1.00
02-Sep-26 8:00:00 AM EDT,0.00,0.00,70.10,80.70,0.00,0.00,72.10,72.80,72.42,47.60,47.00,39.40,40.70,66.20,77.70,50.00,72.10,74.10,73.80,43.20,80.90,67.90,0.04,1.00
02-Sep-26 9:00:00 AM EDT,0.00,0.00,70.00,80.30,0.00,0.00,72.00,72.70,72.34,47.90,38.70,39.40,47.00,66.70,78.00,50.30,72.20,73.90,73.80,43.30,80.90,67.50,0.04,1.00
02-Sep-26 10:00:00 AM EDT,0.00,0.00,69.90,80.60,0.00,0.00,71.80,72.60,72.20,48.10,40.20,38.80,40.80,66.20,71.70,50.30,72.10,74.00,73.70,43.70,81.00,67.90,0.04,1.00
02-Sep-26 11:00:00 AM EDT,0.00,0.00,70.30,80.30,0.00,0.00,72.20,72.80,72.53,47.70,39.00,39.90,54.30,67.70,73.70,50.10,72.10,73.60,73.60,43.70,81.00,69.70,0.03,1.00
02-Sep-26 12:00:00 PM EDT,25.00,0.00,71.30,80.70,0.00,0.00,73.30,73.80,73.55,49.40,59.90,35.80,44.90,65.00,72.70,51.50,72.10,73.80,73.70,45.20,81.30,0.00,0.03,1.00
02-Sep-26 1:00:00 PM EDT,0.00,0.00,71.70,80.90,0.00,0.00,73.70,74.10,73.92,49.90,100.00,36.50,46.20,64.40,67.20,51.80,72.10,73.70,73.70,45.80,81.60,71.70,0.03,1.00
02-Sep-26 2:00:00 PM EDT,0.00,0.00,71.80,81.40,0.00,0.00,74.00,74.40,74.17,46.50,67.10,42.40,46.60,65.40,61.40,48.90,71.90,73.70,73.40,43.20,81.80,72.90,0.03,1.00
02-Sep-26 3:00:00 PM EDT,0.00,0.00,72.70,82.30,0.00,0.00,75.10,75.20,75.14,47.90,44.40,41.40,34.20,64.50,55.10,50.00,71.90,73.90,73.50,43.90,82.20,73.90,0.04,1.00
02-Sep-26 4:00:00 PM EDT,0.00,0.00,72.60,82.30,0.00,0.00,74.90,75.10,74.99,47.90,53.00,37.50,25.60,62.80,58.40,50.10,72.00,74.20,73.70,44.00,82.10,73.30,0.03,1.00
02-Sep-26 5:00:00 PM EDT,0.00,0.00,71.60,82.50,0.00,0.00,73.80,74.20,74.01,46.90,47.80,38.40,28.00,62.60,61.10,49.20,72.00,74.30,73.70,43.40,82.10,0.00,0.03,1.00
02-Sep-26 6:00:00 PM EDT,0.00,0.00,70.90,81.20,0.00,0.00,73.00,73.50,73.23,48.10,44.80,37.60,42.10,64.40,77.80,50.50,72.10,74.10,73.80,43.90,81.70,70.20,0.04,1.00
02-Sep-26 7:00:00 PM EDT,0.00,0.00,71.50,81.40,0.00,0.00,73.50,74.00,73.76,48.60,44.50,37.90,45.80,66.20,75.00,51.00,72.20,73.80,73.80,44.00,81.60,71.50,0.03,1.00
02-Sep-26 8:00:00 PM EDT,0.00,0.00,71.30,81.20,0.00,0.00,73.30,73.80,73.56,47.60,53.60,40.60,55.80,66.90,64.00,50.10,72.00,73.50,73.60,43.80,81.50,71.20,0.04,1.00
02-Sep-26 9:00:00 PM EDT,0.00,0.00,71.10,81.40,0.00,0.00,73.20,73.60,73.39,47.60,48.80,42.80,43.60,66.70,57.60,49.80,71.90,73.70,73.50,43.60,81.60,71.00,0.03,1.00
02-Sep-26 10:00:00 PM EDT,0.00,0.00,71.20,80.90,0.00,0.00,73.20,73.70,73.48,47.70,45.00,43.00,52.00,68.10,65.00,50.00,71.90,73.60,73.50,43.50,81.40,0.00,0.03,1.00
02-Sep-26 11:00:00 PM EDT,0.00,0.00,71.20,81.60,0.00,0.00,73.30,73.80,73.53,47.50,42.50,43.60,40.80,66.40,55.10,49.80,71.80,73.70,73.40,43.60,81.80,71.10,0.03,1.00
03-Sep-26 12:00:00 AM EDT,0.00,0.00,71.40,81.10,0.00,0.00,73.40,73.90,73.68,48.00,45.90,41.30,50.40,68.90,72.40,50.40,72.10,73.70,73.70,43.50,81.70,71.50,0.03,1.00
03-Sep-26 1:00:00 AM EDT,0.00,0.00,71.60,81.30,0.00,0.00,73.70,74.10,73.92,47.90,53.30,42.60,45.20,68.60,63.40,50.20,72.00,73.70,73.60,43.70,81.90,72.00,0.03,1.00
03-Sep-26 2:00:00 AM EDT,0.00,0.00,71.90,82.50,0.00,0.00,74.00,74.40,74.21,47.50,56.20,42.70,30.50,66.90,58.30,49.80,71.90,74.00,73.60,43.50,82.10,71.90,0.03,1.00
03-Sep-26 3:00:00 AM EDT,0.00,0.00,71.40,81.90,0.00,0.00,73.50,73.90,73.68,47.40,48.20,44.20,42.20,66.60,56.40,49.60,71.80,73.80,73.50,43.40,81.90,0.00,0.03,1.00
03-Sep-26 4:00:00 AM EDT,0.00,0.00,71.50,81.80,0.00,0.00,73.60,74.00,73.78,48.00,45.40,43.30,40.70,68.70,62.20,50.20,71.90,73.80,73.50,43.70,82.00,71.40,0.03,1.00
03-Sep-26 5:00:00 AM EDT,0.00,0.00,71.50,82.50,0.00,0.00,73.70,74.10,73.89,47.80,55.30,42.90,34.30,65.70,54.40,49.90,71.80,73.80,73.50,43.90,82.20,71.70,0.03,1.00
03-Sep-26 6:00:00 AM EDT,0.00,0.00,72.00,82.80,0.00,0.00,74.20,74.60,74.38,47.70,57.40,43.40,27.10,65.30,54.70,49.90,71.80,74.10,73.50,43.70,82.30,72.50,0.02,1.00
03-Sep-26 7:00:00 AM EDT,0.00,0.00,72.00,82.10,0.00,0.00,74.30,74.60,74.44,47.50,53.70,43.90,43.60,67.00,59.60,49.90,71.90,73.70,73.50,43.60,82.30,73.00,0.02,1.00
03-Sep-26 8:00:00 AM EDT,0.00,0.00,72.10,82.20,0.00,0.00,74.40,74.70,74.53,47.50,46.30,43.70,44.90,68.40,64.30,49.90,71.90,73.80,73.50,43.50,82.40,0.00,0.02,1.00
03-Sep-26 9:00:00 AM EDT,0.00,0.00,72.10,81.80,0.00,0.00,74.40,74.70,74.53,47.70,44.10,42.60,44.00,67.90,60.60,50.10,72.00,73.70,73.60,43.70,82.10,73.10,0.03,1.00
03-Sep-26 10:00:00 AM EDT,0.00,0.00,72.50,82.40,0.00,0.00,74.80,75.10,74.94,47.70,49.60,43.00,38.90,66.20,56.30,49.90,71.80,73.80,73.50,44.00,82.30,74.00,0.03,1.00
03-Sep-26 11:00:00 AM EDT,0.00,0.00,73.10,83.20,0.00,0.00,75.50,75.70,75.60,47.80,57.50,40.90,31.50,64.00,56.80,50.00,71.90,74.10,73.60,44.10,82.50,75.70,0.03,1.00
03-Sep-26 12:00:00 PM EDT,0.00,0.00,74.30,83.40,0.00,0.00,76.80,76.80,76.82,47.80,59.90,36.70,25.00,63.30,61.80,50.20,72.10,74.20,73.80,44.20,83.30,78.80,0.02,1.00
03-Sep-26 1:00:00 PM EDT,0.00,0.00,75.20,83.00,0.00,0.00,77.70,77.50,77.59,47.10,42.40,39.20,40.90,65.00,67.20,49.70,72.10,73.90,73.70,43.90,83.60,0.00,0.02,1.00
03-Sep-26 2:00:00 PM EDT,0.00,0.00,76.20,83.50,0.00,0.00,78.70,78.40,78.57,47.80,40.40,38.40,37.90,64.30,63.80,50.20,72.10,73.90,73.70,44.50,83.60,81.30,0.02,1.00
03-Sep-26 3:00:00 PM EDT,0.00,0.00,76.50,83.40,0.00,0.00,79.00,78.60,78.83,47.90,42.30,38.60,47.00,64.50,66.70,50.40,72.00,73.70,73.60,44.80,83.80,82.80,0.02,1.00
03-Sep-26 4:00:00 PM EDT,0.00,0.00,77.70,84.00,0.00,0.00,80.20,79.60,79.92,47.90,56.80,37.40,31.10,62.50,58.30,50.30,72.00,74.00,73.70,44.80,83.90,84.20,0.02,1.00
03-Sep-26 5:00:00 PM EDT,0.00,0.00,77.90,84.10,0.00,0.00,80.40,79.80,80.11,47.60,58.10,37.50,36.00,61.00,59.30,50.10,72.00,73.90,73.60,44.60,84.10,85.60,0.02,1.00
03-Sep-26 6:00:00 PM EDT,0.00,0.00,78.20,83.90,0.00,0.00,80.80,80.20,80.50,47.70,56.90,35.30,38.80,60.70,61.20,50.20,72.10,73.90,73.70,44.50,84.10,0.00,0.02,1.00
03-Sep-26 7:00:00 PM EDT,0.00,0.00,78.50,84.00,0.00,0.00,81.10,80.30,80.70,47.40,58.20,35.90,35.50,61.80,68.90,50.00,72.20,74.10,73.80,44.10,83.90,86.00,0.03,1.00
03-Sep-26 8:00:00 PM EDT,0.00,0.00,78.50,84.00,0.00,0.00,81.20,80.30,80.74,47.30,49.50,41.00,32.20,63.30,56.70,49.90,71.90,73.90,73.50,43.90,83.50,85.70,0.03,1.00
03-Sep-26 9:00:00 PM EDT,0.00,0.00,78.20,84.00,0.00,0.00,80.80,80.10,80.42,47.30,40.60,39.20,17.90,61.10,56.20,49.70,71.90,74.40,73.70,43.40,83.90,85.40,0.03,1.00
03-Sep-26 10:00:00 PM EDT,0.00,0.00,77.90,83.30,0.00,0.00,80.50,79.90,80.19,47.60,44.10,37.30,46.10,64.40,66.80,50.30,72.10,73.70,73.70,43.60,83.60,84.10,0.03,1.00
03-Sep-26 11:00:00 PM EDT,0.00,0.00,77.10,83.90,0.00,0.00,79.70,79.20,79.48,47.80,58.50,41.30,30.00,63.60,53.80,50.20,71.80,73.90,73.50,44.00,83.80,0.00,0.03,1.00
04-Sep-26 12:00:00 AM EDT,0.00,0.00,77.20,83.50,0.00,0.00,79.70,79.20,79.48,46.20,50.50,37.60,38.10,63.20,75.40,49.00,72.10,74.20,73.80,42.60,83.70,83.50,0.02,1.00
04-Sep-26 1:00:00 AM EDT,0.00,0.00,76.80,83.70,0.00,0.00,79.40,79.00,79.20,47.60,41.90,40.20,42.00,65.10,55.00,50.10,72.00,73.60,73.60,43.70,83.80,82.70,0.02,1.00
04-Sep-26 2:00:00 AM EDT,0.00,0.00,76.70,84.30,0.00,0.00,79.30,78.90,79.14,47.70,55.80,38.90,16.30,61.50,56.80,50.10,71.90,74.40,73.70,43.80,83.90,82.00,0.02,1.00
04-Sep-26 3:00:00 AM EDT,0.00,0.00,76.30,83.40,0.00,0.00,78.90,78.50,78.69,47.50,54.30,37.60,47.60,64.30,78.00,50.20,72.10,73.80,73.80,43.50,83.90,81.20,0.02,1.00
04-Sep-26 4:00:00 AM EDT,0.00,0.00,76.20,83.40,0.00,0.00,78.80,78.40,78.60,47.00,42.70,41.30,37.40,65.20,55.90,49.60,71.90,73.80,73.60,43.60,83.60,0.00,0.02,1.00
04-Sep-26 5:00:00 AM EDT,0.00,0.00,75.20,83.60,0.00,0.00,77.80,77.60,77.69,47.40,38.50,37.30,16.80,62.30,63.10,49.70,72.00,74.60,73.80,43.40,83.40,79.20,0.02,1.00
04-Sep-26 6:00:00 AM EDT,0.00,0.00,74.80,83.10,0.00,0.00,77.50,77.30,77.39,47.10,56.60,41.50,47.00,65.50,57.00,49.60,71.90,73.50,73.50,43.90,83.30,79.10,0.02,1.00
04-Sep-26 7:00:00 AM EDT,0.00,0.00,74.70,83.80,0.00,0.00,77.30,77.20,77.28,47.70,44.60,41.60,20.60,63.60,54.30,50.10,71.80,74.30,73.60,43.60,83.40,78.40,0.03,1.00
04-Sep-26 8:00:00 AM EDT,0.00,0.00,74.70,83.40,0.00,0.00,77.20,77.10,77.16,47.80,54.60,37.30,22.60,64.00,69.90,50.20,72.10,74.50,73.80,43.50,83.70,77.90,0.02,1.00
04-Sep-26 9:00:00 AM EDT,0.00,0.00,74.60,82.80,0.00,0.00,77.20,77.00,77.09,47.50,52.80,38.20,46.80,65.10,76.00,50.10,72.20,73.80,73.80,43.40,83.40,0.00,0.02,1.00
04-Sep-26 10:00:00 AM EDT,0.00,0.00,75.00,83.20,0.00,0.00,77.50,77.40,77.45,47.50,43.00,41.40,35.50,64.50,53.90,49.80,71.90,73.80,73.50,43.80,83.20,79.00,0.02,1.00
04-Sep-26 11:00:00 AM EDT,0.00,0.00,75.50,83.30,0.00,0.00,78.00,77.80,77.88,47.60,42.70,37.30,31.00,61.00,65.30,50.00,72.10,74.20,73.70,44.10,83.40,80.30,0.02,1.00
04-Sep-26 12:00:00 PM EDT,0.00,0.00,76.40,82.80,0.00,0.00,78.90,78.50,78.68,47.60,40.70,38.20,36.80,62.80,60.20,50.10,71.90,73.90,73.60,44.60,83.10,81.90,0.02,1.00
04-Sep-26 1:00:00 PM EDT,0.00,0.00,76.70,83.40,0.00,0.00,79.30,78.90,79.08,47.80,42.00,38.90,30.90,63.40,55.40,50.00,71.90,73.90,73.60,44.60,83.80,83.70,0.02,1.00
04-Sep-26 2:00:00 PM EDT,0.00,0.00,77.10,83.70,0.00,0.00,79.70,79.20,79.41,47.80,51.70,37.60,32.80,63.20,58.10,50.10,72.00,73.90,73.70,44.40,83.50,0.00,0.02,1.00
04-Sep-26 3:00:00 PM EDT,0.00,0.00,77.40,83.70,0.00,0.00,80.00,79.40,79.67,47.60,53.10,40.20,21.90,62.30,54.60,49.90,71.80,74.20,73.50,44.30,83.40,83.50,0.02,1.00
04-Sep-26 4:00:00 PM EDT,0.00,0.00,77.30,82.80,0.00,0.00,79.80,79.30,79.56,47.60,53.90,38.30,45.20,63.40,63.60,50.10,72.00,73.70,73.60,44.00,83.70,84.30,0.02,1.00
04-Sep-26 5:00:00 PM EDT,0.00,0.00,77.80,83.80,0.00,0.00,80.40,79.80,80.10,47.50,49.90,35.20,37.40,63.00,60.20,49.90,72.20,73.90,73.80,43.70,83.80,85.00,0.01,1.00
04-Sep-26 6:00:00 PM EDT,0.00,0.00,77.80,83.80,0.00,0.00,80.30,79.80,80.05,47.20,39.70,34.30,17.90,60.80,54.10,49.60,72.10,74.20,73.70,43.70,83.90,84.60,0.02,1.00
04-Sep-26 7:00:00 PM EDT,0.00,0.00,77.80,84.00,0.00,0.00,80.40,79.80,80.08,47.90,40.60,35.30,33.00,59.80,54.80,50.10,72.00,73.90,73.60,44.10,84.10,0.00,0.02,1.00
04-Sep-26 8:00:00 PM EDT,0.00,0.00,77.40,84.00,0.00,0.00,80.00,79.50,79.73,47.90,52.40,34.40,30.60,58.70,54.10,50.20,71.90,73.90,73.50,44.30,83.60,83.90,0.02,1.00
04-Sep-26 9:00:00 PM EDT,0.00,0.00,77.10,83.40,0.00,0.00,79.60,79.20,79.39,47.50,50.90,38.00,25.70,61.10,62.20,49.80,72.00,74.30,73.70,43.30,83.20,82.90,0.02,1.00
04-Sep-26 10:00:00 PM EDT,0.00,0.00,76.60,83.20,0.00,0.00,79.10,78.70,78.92,47.50,47.80,39.80,38.20,64.60,59.90,50.00,72.00,73.80,73.50,43.20,83.10,82.20,0.02,1.00
04-Sep-26 11:00:00 PM EDT,0.00,0.00,76.30,83.40,0.00,0.00,78.90,78.50,78.70,47.30,38.10,37.70,16.40,60.80,61.40,49.70,72.00,74.50,73.70,42.60,82.80,81.00,0.02,1.00
05-Sep-26 12:00:00 AM EDT,0.00,0.00,75.50,83.10,0.00,0.00,78.20,77.90,78.01,47.70,39.70,40.40,39.20,64.60,54.60,50.00,71.90,73.60,73.50,43.30,82.90,0.00,0.02,1.00
05-Sep-26 1:00:00 AM EDT,0.00,0.00,75.30,82.60,0.00,0.00,77.80,77.60,77.74,47.90,45.40,36.50,27.60,62.80,74.80,50.20,72.10,74.40,73.90,42.90,82.60,79.50,0.02,1.00
05-Sep-26 2:00:00 AM EDT,0.00,0.00,74.50,82.50,0.00,0.00,77.10,77.00,77.06,47.60,47.50,40.70,47.00,65.60,59.30,50.00,72.00,73.60,73.50,43.20,82.50,78.20,0.02,1.00
05-Sep-26 3:00:00 AM EDT,0.00,0.00,74.40,82.70,0.00,0.00,76.90,76.90,76.90,47.40,38.60,39.70,26.80,63.10,57.00,49.60,71.90,74.20,73.60,42.60,82.60,77.60,0.02,1.00
05-Sep-26 4:00:00 AM EDT,0.00,0.00,74.10,81.80,0.00,0.00,76.60,76.60,76.61,47.90,40.80,36.80,39.10,64.40,78.20,50.40,72.20,74.20,73.90,42.60,82.20,76.30,0.02,1.00
05-Sep-26 5:00:00 AM EDT,0.00,0.00,73.40,82.50,0.00,0.00,75.90,76.00,75.95,47.40,39.50,42.00,37.30,65.90,56.10,49.70,71.90,73.80,73.50,42.80,82.20,0.00,0.02,1.00
05-Sep-26 6:00:00 AM EDT,0.00,0.00,73.20,82.30,0.00,0.00,75.70,75.90,75.80,47.50,37.30,37.60,19.10,62.90,62.40,49.70,72.00,74.50,73.80,42.40,82.20,75.50,0.02,1.00
05-Sep-26 7:00:00 AM EDT,0.00,0.00,72.70,81.50,0.00,0.00,75.10,75.30,75.20,47.60,35.60,39.00,50.00,65.70,72.50,50.10,72.10,73.70,73.70,42.60,81.90,74.20,0.03,1.00
05-Sep-26 8:00:00 AM EDT,0.00,0.00,72.30,82.00,0.00,0.00,74.60,74.90,74.74,50.30,63.90,39.00,35.50,65.90,57.50,52.00,72.00,73.80,73.60,44.50,81.90,73.20,0.02,1.00
05-Sep-26 9:00:00 AM EDT,0.00,0.00,72.40,82.20,0.00,0.00,74.70,75.00,74.83,50.80,100.00,35.30,18.50,62.90,62.80,52.50,72.10,74.40,73.80,45.80,81.90,73.90,0.02,1.00
05-Sep-26 10:00:00 AM EDT,0.00,0.00,72.80,82.40,0.00,0.00,75.20,75.40,75.32,52.00,100.00,36.20,29.20,64.10,57.70,53.60,72.00,73.90,73.60,47.80,82.50,0.00,0.02,1.00
05-Sep-26 11:00:00 AM EDT,0.00,0.00,73.10,82.80,0.00,0.00,75.60,75.80,75.67,47.90,38.20,37.20,24.80,63.50,63.30,50.10,72.10,74.30,73.80,43.30,82.50,74.50,0.02,1.00
05-Sep-26 12:00:00 PM EDT,0.00,0.00,73.20,81.90,0.00,0.00,75.70,75.80,75.76,47.90,51.50,39.10,36.80,66.10,68.10,50.20,72.10,73.90,73.70,43.30,82.00,76.20,0.03,1.00
05-Sep-26 1:00:00 PM EDT,0.00,0.00,74.30,82.60,0.00,0.00,76.80,76.70,76.74,47.20,33.70,38.30,14.50,64.90,61.30,49.50,72.10,74.50,73.80,42.40,82.30,77.30,0.02,1.00
05-Sep-26 2:00:00 PM EDT,0.00,0.00,74.20,82.40,0.00,0.00,76.70,76.60,76.68,48.00,50.30,41.30,37.30,66.40,54.80,50.20,72.00,73.70,73.60,43.30,82.10,77.00,0.02,1.00
05-Sep-26 3:00:00 PM EDT,0.00,0.00,74.10,82.00,0.00,0.00,76.60,76.60,76.61,47.60,35.90,39.10,44.10,65.50,69.30,50.10,72.10,73.70,73.70,42.70,82.00,0.00,0.02,1.00
05-Sep-26 4:00:00 PM EDT,0.00,0.00,74.40,82.90,0.00,0.00,77.00,76.90,76.98,47.00,45.20,40.40,17.90,61.80,54.20,49.30,71.80,74.30,73.60,42.80,82.50,78.30,0.02,1.00
05-Sep-26 5:00:00 PM EDT,0.00,0.00,75.30,81.90,0.00,0.00,77.80,77.50,77.66,47.80,45.40,37.40,39.00,64.30,69.30,50.30,72.10,73.90,73.70,43.00,82.30,79.40,0.03,1.00
05-Sep-26 6:00:00 PM EDT,0.00,0.00,75.30,82.50,0.00,0.00,77.80,77.60,77.70,47.60,46.00,40.70,20.10,62.30,54.10,49.80,71.80,74.20,73.50,43.10,82.40,79.90,0.02,1.00
05-Sep-26 7:00:00 PM EDT,0.00,0.00,75.20,82.20,0.00,0.00,77.70,77.50,77.59,47.50,46.10,40.30,44.30,65.10,58.50,49.90,72.00,73.60,73.60,42.80,82.30,79.30,0.02,1.00
05-Sep-26 8:00:00 PM EDT,0.00,0.00,75.20,82.00,0.00,0.00,77.70,77.50,77.63,47.70,34.20,37.80,30.10,64.00,61.60,50.00,72.10,74.10,73.70,42.30,82.30,0.00,0.02,1.00
05-Sep-26 9:00:00 PM EDT,0.00,0.00,74.70,82.40,0.00,0.00,77.20,77.10,77.14,47.70,51.10,38.70,32.00,64.70,64.90,50.00,72.00,74.10,73.70,42.60,82.40,78.40,0.02,1.00
05-Sep-26 10:00:00 PM EDT,0.00,0.00,74.20,82.40,0.00,0.00,76.70,76.70,76.69,47.40,34.60,40.80,36.00,66.10,58.00,49.70,72.00,73.90,73.60,42.50,82.20,77.20,0.02,1.00
05-Sep-26 11:00:00 PM EDT,0.00,0.00,73.80,82.00,0.00,0.00,76.30,76.40,76.36,52.50,29.10,37.40,20.90,64.40,58.80,54.40,72.00,74.30,73.70,44.90,81.70,75.80,0.03,1.00
06-Sep-26 12:00:00 AM EDT,0.00,0.00,73.00,87.50,0.00,0.00,75.40,75.60,75.51,50.30,0.00,0.00,0.00,65.10,59.10,52.20,71.90,73.90,73.50,46.60,87.70,74.50,0.06,0.07
06-Sep-26 1:00:00 AM EDT,0.00,0.00,75.80,87.70,0.00,0.00,99.20,95.90,97.51,111.70,0.00,0.00,0.00,72.70,73.30,123.90,77.00,76.90,78.80,50.10,87.70,0.00,0.07,0.05
06-Sep-26 2:00:00 AM EDT,0.00,0.00,79.00,87.70,0.00,0.00,112.10,107.90,109.99,123.30,0.00,0.00,0.00,81.70,82.40,138.00,78.50,78.10,80.50,49.20,87.70,73.50,0.07,0.05
06-Sep-26 3:00:00 AM EDT,0.00,0.00,84.40,87.70,0.00,0.00,121.20,117.90,119.52,130.70,0.00,0.00,0.00,80.90,80.20,145.60,77.70,77.70,81.40,41.00,87.70,75.70,0.07,0.05
06-Sep-26 4:00:00 AM EDT,0.00,0.00,82.50,87.70,0.00,0.00,124.80,120.70,122.72,134.00,0.00,0.00,0.00,83.00,83.70,150.40,79.40,78.80,81.10,50.40,87.70,73.90,0.07,0.05
06-Sep-26 5:00:00 AM EDT,0.00,0.00,85.60,87.70,0.00,0.00,130.10,126.50,128.34,137.90,0.00,0.00,0.00,82.90,82.20,153.00,78.90,78.70,82.10,44.30,87.70,72.60,0.07,0.05
06-Sep-26 6:00:00 AM EDT,0.00,0.00,87.70,87.70,0.00,0.00,133.10,129.80,131.44,142.50,0.00,0.00,0.00,83.30,82.60,161.80,78.70,78.20,82.40,40.50,83.70,0.00,0.04,0.76
06-Sep-26 7:00:00 AM EDT,0.00,0.00,70.50,82.40,0.00,0.00,72.80,73.40,73.07,52.20,38.00,9.80,0.00,57.50,56.80,54.00,71.50,75.00,73.40,51.30,82.30,69.10,0.03,1.00
06-Sep-26 8:00:00 AM EDT,0.00,0.00,70.20,82.10,0.00,0.00,72.40,73.00,72.66,47.60,35.40,42.70,34.30,64.60,54.30,49.70,71.80,73.80,73.50,44.70,81.70,68.40,0.03,1.00
06-Sep-26 9:00:00 AM EDT,0.00,0.00,70.50,81.20,0.00,0.00,72.60,73.20,72.89,48.10,64.80,37.00,37.70,63.60,76.50,50.30,72.10,74.10,73.80,44.00,81.60,69.40,0.03,1.00
06-Sep-26 10:00:00 AM EDT,0.00,0.00,71.30,81.90,0.00,0.00,73.30,73.80,73.57,48.70,94.60,41.20,36.80,66.10,54.70,50.50,72.00,73.70,73.60,44.20,81.80,71.40,0.03,1.00
06-Sep-26 11:00:00 AM EDT,0.00,0.00,71.60,82.00,0.00,0.00,73.60,74.10,73.89,49.90,100.00,36.00,31.70,63.80,70.10,51.80,72.20,74.10,73.80,44.90,82.20,0.00,0.03,1.00
06-Sep-26 12:00:00 PM EDT,0.00,0.00,71.40,81.70,0.00,0.00,73.50,74.00,73.78,48.00,44.50,42.20,46.50,67.30,58.40,50.40,72.00,73.60,73.60,43.50,82.00,71.60,0.03,1.00
06-Sep-26 1:00:00 PM EDT,0.00,0.00,71.70,82.20,0.00,0.00,73.90,74.40,74.13,47.50,35.70,42.80,34.30,65.30,53.80,49.70,71.80,73.90,73.50,43.20,82.10,72.30,0.03,1.00
06-Sep-26 2:00:00 PM EDT,0.00,0.00,72.20,82.30,0.00,0.00,74.40,74.80,74.62,47.80,49.30,37.50,30.30,63.80,68.00,50.10,72.10,74.20,73.80,43.00,82.10,73.00,0.03,1.00
06-Sep-26 3:00:00 PM EDT,0.00,0.00,72.70,81.60,0.00,0.00,74.90,75.20,75.06,47.60,34.70,37.90,32.20,63.10,68.00,49.90,72.10,74.20,73.80,42.60,81.80,74.20,0.03,1.00
06-Sep-26 4:00:00 PM EDT,0.00,0.00,73.10,81.80,0.00,0.00,75.50,75.60,75.58,47.60,45.30,40.60,46.80,65.40,60.10,49.90,72.00,73.60,73.60,43.10,81.90,0.00,0.03,1.00
06-Sep-26 5:00:00 PM EDT,0.00,0.00,72.80,82.60,0.00,0.00,75.20,75.30,75.25,47.40,37.40,43.20,30.90,64.80,53.70,49.60,71.80,74.00,73.50,43.20,82.50,74.10,0.03,1.00
06-Sep-26 6:00:00 PM EDT,0.00,0.00,72.30,82.30,0.00,0.00,74.50,74.80,74.68,47.70,42.70,39.40,26.90,63.10,57.70,49.80,71.90,74.20,73.60,43.20,82.00,73.10,0.03,1.00
06-Sep-26 7:00:00 PM EDT,0.00,0.00,72.30,82.30,0.00,0.00,74.60,74.90,74.74,47.70,48.20,37.40,24.90,63.20,69.30,49.90,72.10,74.40,73.80,43.00,82.30,73.30,0.03,1.00
06-Sep-26 8:00:00 PM EDT,0.00,0.00,72.10,81.30,0.00,0.00,74.30,74.60,74.44,47.60,43.00,37.30,48.70,64.30,76.90,50.10,72.20,73.90,73.80,42.90,81.70,72.10,0.03,1.00
06-Sep-26 9:00:00 PM EDT,0.00,0.00,71.60,81.80,0.00,0.00,73.80,74.10,73.95,47.80,45.10,42.50,47.10,66.70,59.10,50.10,71.90,73.60,73.50,43.30,81.90,0.00,0.03,1.00
06-Sep-26 10:00:00 PM EDT,0.00,0.00,71.30,81.70,0.00,0.00,73.50,73.90,73.67,47.70,47.30,42.80,40.90,65.90,55.10,49.90,71.80,73.80,73.50,43.20,81.60,71.30,0.03,1.00
06-Sep-26 11:00:00 PM EDT,0.00,0.00,71.40,81.40,0.00,0.00,73.50,73.90,73.69,47.80,48.40,42.90,40.30,66.80,55.30,49.90,71.90,73.80,73.50,43.20,81.10,71.10,0.03,1.00
07-Sep-26 12:00:00 AM EDT,0.00,0.00,71.40,81.50,0.00,0.00,73.50,73.90,73.70,47.60,49.30,43.50,43.40,67.00,56.10,49.70,71.80,73.70,73.50,43.10,81.40,70.90,0.03,1.00
07-Sep-26 1:00:00 AM EDT,0.00,0.00,71.30,81.80,0.00,0.00,73.40,73.90,73.64,47.70,39.30,43.10,34.80,66.70,57.30,49.90,71.90,73.90,73.50,43.00,81.60,71.50,0.03,1.00
07-Sep-26 2:00:00 AM EDT,0.00,0.00,71.50,82.10,0.00,0.00,73.60,74.10,73.84,47.40,52.50,42.70,27.90,64.50,55.40,49.50,71.80,74.20,73.50,43.00,81.60,0.00,0.03,1.00
07-Sep-26 3:00:00 AM EDT,0.00,0.00,71.50,81.60,0.00,0.00,73.50,74.00,73.75,47.60,33.50,40.80,27.00,64.70,61.60,49.80,71.90,74.30,73.70,42.50,81.20,70.90,0.03,1.00
07-Sep-26 4:00:00 AM EDT,50.00,0.00,71.40,80.70,0.00,0.00,73.40,74.00,73.69,48.50,28.60,41.00,23.00,65.00,57.30,50.40,71.90,74.30,73.60,42.00,80.70,70.70,0.02,1.00
07-Sep-26 5:00:00 AM EDT,100.00,0.00,71.10,80.90,0.00,0.00,73.20,73.70,73.46,47.90,42.10,38.30,26.10,65.10,74.00,50.10,72.10,74.40,73.80,41.60,80.50,70.00,0.02,1.00
07-Sep-26 6:00:00 AM EDT,100.00,0.00,70.50,79.70,0.00,0.00,72.50,73.10,72.80,50.30,44.20,38.10,55.00,67.80,80.00,52.30,72.30,73.90,73.90,41.00,80.00,69.20,0.02,1.00
07-Sep-26 7:00:00 AM EDT,0.00,0.00,70.50,79.90,0.00,0.00,72.50,73.10,72.79,47.70,46.00,42.60,56.40,70.70,68.10,49.90,72.10,73.50,73.60,41.40,80.30,0.00,0.02,1.00
07-Sep-26 8:00:00 AM EDT,0.00,0.00,70.40,80.20,0.00,0.00,72.40,73.00,72.70,48.00,34.80,39.00,47.00,66.90,73.10,50.20,72.20,73.80,73.80,41.50,80.10,69.00,0.02,1.00
07-Sep-26 9:00:00 AM EDT,75.00,0.00,70.30,79.80,0.00,0.00,72.30,72.90,72.60,48.00,50.60,40.20,54.20,68.20,72.70,50.30,72.10,73.60,73.70,41.90,80.30,69.10,0.02,1.00
07-Sep-26 10:00:00 AM EDT,25.00,0.00,71.00,80.50,0.00,0.00,73.00,73.50,73.24,47.80,44.00,43.80,44.80,67.40,58.70,50.20,71.90,73.70,73.50,41.90,80.80,70.90,0.02,1.00
07-Sep-26 11:00:00 AM EDT,50.00,0.00,71.60,81.30,0.00,0.00,73.60,74.10,73.88,47.00,36.80,41.40,16.70,63.70,59.40,49.00,71.80,74.40,73.60,41.60,80.90,72.70,0.02,1.00
07-Sep-26 12:00:00 PM EDT,0.00,0.00,72.40,80.30,0.00,0.00,74.60,74.90,74.73,47.70,51.90,40.80,53.00,67.50,72.50,50.00,72.10,73.60,73.70,41.60,80.90,0.00,0.02,1.00
07-Sep-26 1:00:00 PM EDT,0.00,0.00,73.10,81.10,0.00,0.00,75.50,75.60,75.56,47.90,52.10,43.70,39.20,66.50,55.10,50.10,71.80,73.80,73.50,42.10,81.00,74.30,0.02,1.00
07-Sep-26 2:00:00 PM EDT,0.00,0.00,73.70,81.60,0.00,0.00,76.20,76.20,76.21,47.40,33.50,42.30,21.40,64.50,54.60,49.70,71.90,74.20,73.60,41.30,81.30,76.60,0.02,1.00
07-Sep-26 3:00:00 PM EDT,0.00,0.00,74.00,81.00,0.00,0.00,76.50,76.50,76.49,47.30,50.30,37.70,44.30,64.70,78.70,50.00,72.20,74.00,73.80,40.90,81.00,77.90,0.02,1.00
07-Sep-26 4:00:00 PM EDT,0.00,0.00,74.30,80.70,0.00,0.00,76.90,76.80,76.83,48.00,33.70,41.50,45.30,66.60,58.00,50.40,72.00,73.60,73.60,40.30,81.00,78.80,0.02,1.00
07-Sep-26 5:00:00 PM EDT,0.00,0.00,75.00,81.40,0.00,0.00,77.50,77.40,77.44,47.40,38.90,39.80,15.80,61.30,55.20,49.80,71.90,74.40,73.60,39.80,81.20,0.00,0.02,1.00
07-Sep-26 6:00:00 PM EDT,0.00,0.00,75.00,81.20,0.00,0.00,77.50,77.30,77.41,47.90,39.90,38.50,38.80,63.20,55.10,50.40,72.00,73.70,73.60,40.50,81.40,79.10,0.02,1.00
07-Sep-26 7:00:00 PM EDT,0.00,0.00,75.20,81.10,0.00,0.00,77.70,77.50,77.57,47.30,47.10,35.20,37.60,60.60,67.00,50.10,72.10,74.00,73.70,40.50,81.50,79.40,0.02,1.00
07-Sep-26 8:00:00 PM EDT,0.00,0.00,75.30,81.70,0.00,0.00,77.90,77.60,77.76,47.50,44.70,37.40,34.80,60.50,55.60,50.00,71.90,73.80,73.50,41.10,81.40,79.30,0.02,1.00
07-Sep-26 9:00:00 PM EDT,0.00,0.00,75.00,81.00,0.00,0.00,77.50,77.40,77.43,47.30,51.80,38.30,34.10,64.50,69.30,49.90,72.10,74.10,73.80,41.20,81.40,78.40,0.02,1.00
07-Sep-26 10:00:00 PM EDT,0.00,0.00,74.60,81.40,0.00,0.00,77.20,77.10,77.12,47.50,36.30,42.30,40.20,65.10,54.70,49.90,71.90,73.70,73.50,41.50,81.40,0.00,0.02,1.00
07-Sep-26 11:00:00 PM EDT,0.00,0.00,74.20,81.90,0.00,0.00,76.70,76.70,76.72,47.40,38.00,42.20,22.30,62.90,54.40,49.70,71.80,74.20,73.50,41.70,81.60,77.70,0.03,1.00
08-Sep-26 12:00:00 AM EDT,0.00,0.00,74.10,81.10,0.00,0.00,76.60,76.60,76.57,49.80,100.00,36.40,40.90,65.00,71.80,51.90,72.20,73.80,73.80,43.60,81.60,77.20,0.02,1.00
08-Sep-26 1:00:00 AM EDT,0.00,0.00,73.30,81.50,0.00,0.00,75.80,75.90,75.83,49.10,100.00,39.80,39.60,66.40,59.20,51.10,72.00,73.70,73.60,43.80,81.60,75.50,0.02,1.00
08-Sep-26 2:00:00 AM EDT,0.00,0.00,73.20,81.80,0.00,0.00,75.70,75.80,75.73,48.90,100.00,41.10,29.00,64.70,56.50,50.90,71.80,74.10,73.50,43.70,81.70,74.90,0.03,1.00
08-Sep-26 3:00:00 AM EDT,0.00,0.00,72.70,81.80,0.00,0.00,75.10,75.30,75.20,48.60,100.00,38.70,20.70,62.60,63.30,50.60,72.00,74.40,73.70,43.40,81.40,0.00,0.02,1.00
08-Sep-26 4:00:00 AM EDT,0.00,0.00,72.50,81.20,0.00,0.00,74.70,75.00,74.86,48.60,100.00,37.80,32.40,65.20,70.20,50.90,72.10,74.20,73.80,43.50,81.40,73.60,0.02,1.00
08-Sep-26 5:00:00 AM EDT,0.00,0.00,72.00,81.20,0.00,0.00,74.20,74.50,74.33,48.60,100.00,37.70,41.70,65.20,77.90,50.80,72.20,74.00,73.80,43.30,81.40,72.70,0.02,1.00
08-Sep-26 6:00:00 AM EDT,0.00,0.00,71.80,80.60,0.00,0.00,73.90,74.20,74.04,48.40,100.00,39.60,53.30,67.30,71.70,50.70,72.10,73.60,73.70,43.20,81.00,71.60,0.02,1.00
08-Sep-26 7:00:00 AM EDT,0.00,0.00,71.20,81.00,0.00,0.00,73.30,73.70,73.52,48.60,100.00,42.50,41.80,68.00,59.50,50.70,71.90,73.80,73.60,43.60,81.20,71.10,0.02,1.00
08-Sep-26 8:00:00 AM EDT,0.00,0.00,71.40,81.30,0.00,0.00,73.40,73.90,73.64,48.50,100.00,42.50,42.30,66.70,57.20,50.50,71.90,73.80,73.50,43.70,81.10,0.00,0.02,1.00
08-Sep-26 9:00:00 AM EDT,0.00,0.00,71.60,81.80,0.00,0.00,73.70,74.10,73.93,45.80,91.50,41.70,23.90,62.00,54.00,48.00,71.80,74.20,73.50,43.60,81.70,71.60,0.02,1.00
08-Sep-26 10:00:00 AM EDT,0.00,0.00,72.00,81.50,0.00,0.00,74.20,74.60,74.40,47.70,37.60,38.50,25.80,63.10,62.80,49.90,72.00,74.30,73.80,42.50,81.70,73.00,0.02,1.00
08-Sep-26 11:00:00 AM EDT,0.00,0.00,72.80,82.10,0.00,0.00,75.20,75.30,75.27,48.10,43.30,39.40,0.00,64.40,52.50,50.20,72.00,72.60,73.40,43.50,81.80,75.50,0.02,1.00
08-Sep-26 12:00:00 PM EDT,0.00,0.00,73.00,82.00,0.00,0.00,75.40,75.50,75.44,47.80,46.80,40.00,0.00,64.30,52.30,50.00,72.00,72.30,73.40,43.30,81.70,76.30,0.02,1.00
08-Sep-26 1:00:00 PM EDT,0.00,0.00,73.60,81.40,0.00,0.00,76.10,76.10,76.10,47.90,44.30,37.40,0.00,64.40,52.40,50.10,72.00,72.20,73.40,43.10,81.60,0.00,0.02,1.00
08-Sep-26 2:00:00 PM EDT,0.00,0.00,74.40,82.20,0.00,0.00,76.90,76.70,76.83,47.70,45.90,40.70,0.00,64.00,52.10,49.80,71.90,72.20,73.30,43.00,82.10,78.20,0.02,1.00
08-Sep-26 3:00:00 PM EDT,0.00,0.00,74.20,81.90,0.00,0.00,76.80,76.70,76.75,47.90,39.30,38.30,0.00,62.30,52.30,50.10,72.00,72.10,73.30,43.40,81.90,79.50,0.02,1.00
08-Sep-26 4:00:00 PM EDT,0.00,0.00,75.10,82.50,0.00,0.00,77.70,77.30,77.49,48.00,43.90,33.70,17.70,61.10,52.90,50.10,72.10,71.90,73.40,43.50,82.30,80.90,0.02,1.00
08-Sep-26 5:00:00 PM EDT,0.00,0.00,75.80,82.40,0.00,0.00,78.40,78.00,78.19,48.00,52.30,36.10,1.40,61.30,52.00,50.10,72.00,72.10,73.40,43.60,82.40,81.40,0.02,1.00
08-Sep-26 6:00:00 PM EDT,0.00,0.00,75.50,82.40,0.00,0.00,78.10,77.70,77.92,47.80,47.50,38.70,0.00,62.60,52.00,49.90,72.00,72.30,73.30,43.60,82.50,0.00,0.02,1.00
08-Sep-26 7:00:00 PM EDT,0.00,0.00,75.70,82.50,0.00,0.00,78.20,77.90,78.05,47.80,41.70,33.40,0.00,62.10,51.90,50.10,72.10,72.20,73.50,43.10,82.50,81.40,0.02,1.00
08-Sep-26 8:00:00 PM EDT,0.00,0.00,75.20,82.10,0.00,0.00,77.80,77.50,77.67,47.70,34.40,40.50,1.20,62.10,51.80,49.90,71.80,72.00,73.20,43.10,81.90,80.60,0.02,1.00
08-Sep-26 9:00:00 PM EDT,0.00,0.00,75.00,81.90,0.00,0.00,77.60,77.30,77.46,48.00,49.80,38.80,29.10,61.90,56.30,50.20,72.00,72.00,73.30,43.00,81.80,80.00,0.03,1.00
08-Sep-26 10:00:00 PM EDT,0.00,0.00,73.80,81.90,0.00,0.00,76.40,76.30,76.36,47.50,49.30,38.70,31.10,64.10,56.20,49.60,72.00,72.10,73.40,42.90,81.80,77.10,0.03,1.00
08-Sep-26 11:00:00 PM EDT,0.00,0.00,73.20,81.70,0.00,0.00,75.80,75.70,75.73,48.10,39.30,40.10,39.40,64.80,56.50,50.20,72.00,71.80,73.30,43.20,81.80,0.00,0.03,1.00
09-Sep-26 12:00:00 AM EDT,0.00,0.00,73.00,81.60,0.00,0.00,75.50,75.50,75.53,47.70,53.90,38.20,30.10,64.70,57.10,49.90,72.10,72.10,73.40,43.10,81.80,76.00,0.03,1.00
09-Sep-26 1:00:00 AM EDT,0.00,0.00,72.90,81.80,0.00,0.00,75.50,75.40,75.45,47.90,47.60,40.00,34.50,65.90,55.30,50.10,72.00,71.90,73.30,43.30,81.90,75.60,0.03,1.00
09-Sep-26 2:00:00 AM EDT,0.00,0.00,72.70,81.60,0.00,0.00,75.10,75.20,75.17,47.70,55.70,37.90,35.50,64.80,68.00,50.10,72.10,72.00,73.50,43.40,82.00,74.90,0.03,1.00
09-Sep-26 3:00:00 AM EDT,0.00,0.00,72.30,82.30,0.00,0.00,74.70,74.80,74.78,47.60,39.40,42.30,25.50,64.40,53.80,49.80,71.80,72.00,73.20,43.30,82.00,74.40,0.03,1.00
09-Sep-26 4:00:00 AM EDT,0.00,0.00,72.20,81.80,0.00,0.00,74.50,74.60,74.55,47.90,38.40,41.10,33.80,66.40,56.50,50.10,72.00,71.90,73.30,43.40,81.80,0.00,0.03,1.00
09-Sep-26 5:00:00 AM EDT,0.00,0.00,72.10,81.60,0.00,0.00,74.40,74.60,74.48,48.00,39.30,39.10,32.60,66.20,67.70,50.20,72.10,72.00,73.40,43.30,81.70,74.00,0.03,1.00
09-Sep-26 6:00:00 AM EDT,0.00,0.00,71.80,81.80,0.00,0.00,74.10,74.30,74.16,48.00,51.20,42.40,28.90,65.50,54.10,50.10,71.90,72.00,73.20,43.60,81.60,73.50,0.02,1.00
09-Sep-26 7:00:00 AM EDT,0.00,0.00,71.90,81.50,0.00,0.00,74.10,74.30,74.23,47.90,46.50,38.90,32.80,65.70,64.20,50.10,72.10,72.00,73.40,43.20,81.40,73.40,0.03,1.00
09-Sep-26 8:00:00 AM EDT,0.00,0.00,71.60,81.60,0.00,0.00,73.80,74.00,73.92,48.10,40.90,42.30,28.80,66.80,53.90,50.10,71.90,72.00,73.30,43.50,81.50,73.30,0.03,1.00
09-Sep-26 9:00:00 AM EDT,0.00,0.00,71.80,81.10,0.00,0.00,74.00,74.20,74.08,47.90,52.20,39.30,41.40,66.10,61.70,50.00,72.10,71.80,73.40,43.60,81.50,0.00,0.03,1.00
09-Sep-26 10:00:00 AM EDT,0.00,0.00,73.20,82.20,0.00,0.00,75.70,75.70,75.67,47.70,55.90,39.20,27.60,64.50,59.30,50.00,72.00,72.10,73.40,43.80,82.30,75.70,0.02,1.00
09-Sep-26 11:00:00 AM EDT,0.00,0.00,74.10,82.60,0.00,0.00,76.70,76.50,76.59,47.90,51.50,38.10,32.30,60.80,57.30,50.20,71.90,72.00,73.30,44.40,82.80,78.60,0.03,1.00
09-Sep-26 12:00:00 PM EDT,0.00,0.00,75.20,82.70,0.00,0.00,77.80,77.40,77.60,47.10,65.10,38.70,26.50,60.70,55.10,49.50,71.90,72.00,73.30,44.70,83.10,81.20,0.03,1.00
09-Sep-26 1:00:00 PM EDT,0.00,0.00,75.60,82.20,0.00,0.00,78.20,77.90,78.05,47.90,44.80,37.20,19.20,63.50,53.60,50.20,72.10,72.10,73.40,44.20,83.10,83.00,0.03,1.00
09-Sep-26 2:00:00 PM EDT,0.00,0.00,76.10,83.30,0.00,0.00,78.70,78.30,78.48,47.00,43.50,39.80,14.50,62.70,52.50,49.50,71.80,72.00,73.20,43.80,83.40,0.00,0.03,1.00
09-Sep-26 3:00:00 PM EDT,0.00,0.00,76.80,83.80,0.00,0.00,79.40,78.80,79.09,47.80,45.70,33.40,17.90,64.00,53.20,50.20,72.20,71.90,73.50,44.00,83.60,83.10,0.03,1.00
09-Sep-26 4:00:00 PM EDT,0.00,0.00,75.90,83.30,0.00,0.00,78.60,78.20,78.37,47.50,55.50,38.70,22.50,62.30,54.00,50.00,71.90,72.00,73.30,44.30,83.30,82.30,0.04,1.00
09-Sep-26 5:00:00 PM EDT,0.00,0.00,76.20,83.80,0.00,0.00,78.80,78.40,78.58,47.40,55.90,34.40,22.40,62.70,53.10,49.80,72.10,72.00,73.40,44.10,83.60,82.80,0.03,1.00
09-Sep-26 6:00:00 PM EDT,0.00,0.00,76.30,83.70,0.00,0.00,78.90,78.40,78.68,47.30,52.80,39.50,30.20,62.90,54.00,49.80,71.90,72.00,73.30,44.30,83.60,81.70,0.03,1.00
09-Sep-26 7:00:00 PM EDT,0.00,0.00,75.70,83.10,0.00,0.00,78.30,77.90,78.13,47.60,41.60,38.90,35.60,63.10,55.70,50.00,72.00,71.90,73.30,44.40,83.90,0.00,0.03,1.00
09-Sep-26 8:00:00 PM EDT,0.00,0.00,75.50,83.50,0.00,0.00,78.20,77.80,77.97,47.80,45.60,38.60,30.80,62.40,54.80,50.20,72.00,72.00,73.30,44.20,83.40,81.40,0.03,1.00
09-Sep-26 9:00:00 PM EDT,0.00,0.00,75.10,83.60,0.00,0.00,77.80,77.50,77.63,47.60,54.70,39.10,30.30,63.40,54.80,49.90,71.90,72.00,73.30,44.00,83.40,80.40,0.03,1.00
09-Sep-26 10:00:00 PM EDT,0.00,0.00,74.80,82.90,0.00,0.00,77.40,77.20,77.28,47.30,43.10,38.90,35.30,64.20,60.20,49.80,72.00,72.00,73.40,43.70,83.40,80.10,0.03,1.00
09-Sep-26 11:00:00 PM EDT,0.00,0.00,75.00,83.30,0.00,0.00,77.60,77.30,77.45,47.80,41.30,40.50,27.10,64.00,53.60,50.10,71.90,72.00,73.30,44.00,83.30,79.20,0.02,1.00
10-Sep-26 12:00:00 AM EDT,0.00,0.00,74.40,81.60,0.00,0.00,77.10,76.80,76.94,47.80,40.90,38.80,36.00,65.50,59.50,50.10,72.10,71.90,73.40,43.90,82.50,0.00,0.02,1.00
10-Sep-26 1:00:00 AM EDT,0.00,0.00,73.90,82.90,0.00,0.00,76.50,76.40,76.46,47.60,38.20,38.70,18.40,64.40,61.40,49.80,72.00,72.40,73.40,43.70,82.80,77.90,0.02,1.00
10-Sep-26 2:00:00 AM EDT,0.00,0.00,73.40,82.60,0.00,0.00,76.00,75.90,75.97,48.00,47.40,37.70,27.70,65.30,62.20,50.20,72.10,72.20,73.40,43.90,82.60,76.60,0.02,1.00
10-Sep-26 3:00:00 AM EDT,0.00,0.00,73.20,83.20,0.00,0.00,75.80,75.80,75.79,47.60,50.60,38.20,33.80,64.40,53.80,49.70,72.00,71.90,73.30,43.90,83.00,76.40,0.02,1.00
10-Sep-26 4:00:00 AM EDT,0.00,0.00,73.10,83.00,0.00,0.00,75.70,75.70,75.66,47.70,41.20,39.00,36.30,64.80,62.20,50.00,72.10,71.90,73.40,43.80,83.20,76.00,0.02,1.00
10-Sep-26 5:00:00 AM EDT,0.00,0.00,73.10,82.60,0.00,0.00,75.60,75.60,75.58,47.80,38.80,39.60,42.90,65.10,61.60,50.10,72.00,71.80,73.30,44.00,83.00,0.00,0.02,1.00
10-Sep-26 6:00:00 AM EDT,0.00,0.00,73.20,81.00,0.00,0.00,75.70,75.70,75.73,47.80,46.50,38.10,33.60,64.20,64.90,50.10,72.10,72.00,73.40,44.10,82.50,76.30,0.02,1.00
10-Sep-26 7:00:00 AM EDT,0.00,0.00,72.60,83.40,0.00,0.00,75.10,75.10,75.11,47.50,51.80,41.80,25.20,63.60,54.50,49.60,71.80,72.10,73.20,44.00,83.50,75.20,0.02,1.00
10-Sep-26 8:00:00 AM EDT,0.00,0.00,72.60,83.30,0.00,0.00,75.00,75.10,75.06,47.80,43.30,40.20,35.20,65.70,55.60,50.00,72.00,71.80,73.30,44.30,83.40,75.40,0.02,1.00
10-Sep-26 9:00:00 AM EDT,0.00,0.00,73.00,83.10,0.00,0.00,75.60,75.60,75.56,48.00,54.30,39.80,36.30,65.40,59.70,50.40,72.00,71.90,73.40,44.30,83.30,75.90,0.02,1.00
10-Sep-26 10:00:00 AM EDT,0.00,0.00,73.10,83.20,0.00,0.00,75.60,75.60,75.61,47.60,50.80,38.30,40.90,64.80,61.30,50.00,72.00,71.80,73.30,44.30,83.50,0.00,0.02,1.00
10-Sep-26 11:00:00 AM EDT,0.00,0.00,73.70,83.30,0.00,0.00,76.30,76.20,76.25,47.80,49.10,38.70,36.40,64.00,56.60,50.10,72.00,71.80,73.30,44.50,84.10,77.60,0.02,1.00
10-Sep-26 12:00:00 PM EDT,0.00,0.00,74.20,83.80,0.00,0.00,76.90,76.70,76.80,47.60,56.70,38.60,20.70,63.60,54.90,50.00,72.00,72.10,73.30,44.60,83.60,79.90,0.02,1.00
10-Sep-26 1:00:00 PM EDT,0.00,0.00,75.50,83.80,0.00,0.00,78.10,77.70,77.90,47.40,50.70,29.80,26.20,62.70,53.80,49.80,72.10,72.00,73.50,44.20,84.20,82.20,0.02,1.00
10-Sep-26 2:00:00 PM EDT,0.00,0.00,76.40,84.60,0.00,0.00,79.00,78.50,78.78,47.80,47.20,26.90,17.80,62.30,53.50,50.20,72.10,72.00,73.40,44.60,84.40,84.10,0.02,1.00
10-Sep-26 3:00:00 PM EDT,0.00,0.00,76.90,82.90,0.00,0.00,79.60,79.00,79.26,49.70,57.50,32.90,20.00,62.60,53.80,51.70,71.90,72.00,73.20,44.90,84.20,0.00,0.02,1.00
10-Sep-26 4:00:00 PM EDT,0.00,0.00,77.30,84.30,0.00,0.00,80.00,79.30,79.64,48.30,46.30,35.90,11.60,60.60,53.60,50.60,72.00,72.10,73.40,44.90,84.30,85.30,0.02,1.00
10-Sep-26 5:00:00 PM EDT,0.00,0.00,77.60,84.80,0.00,0.00,80.20,79.60,79.91,47.60,56.70,37.80,0.00,61.40,52.10,49.90,72.00,72.10,73.30,44.70,84.70,85.60,0.02,1.00
10-Sep-26 6:00:00 PM EDT,0.00,0.00,77.90,84.80,0.00,0.00,80.60,79.90,80.22,47.70,57.50,34.90,0.00,59.20,52.10,50.00,72.00,72.50,73.40,44.80,84.70,86.00,0.02,1.00
10-Sep-26 7:00:00 PM EDT,0.00,0.00,77.90,84.40,0.00,0.00,80.50,79.80,80.18,47.80,40.70,36.10,0.00,61.00,52.20,50.10,72.00,72.30,73.40,44.30,84.30,85.20,0.02,1.00
10-Sep-26 8:00:00 PM EDT,0.00,0.00,77.30,84.10,0.00,0.00,79.90,79.30,79.63,47.50,41.00,40.20,0.00,63.70,52.20,49.80,71.90,72.30,73.30,44.00,84.10,0.00,0.02,1.00
10-Sep-26 9:00:00 PM EDT,0.00,0.00,76.80,83.70,0.00,0.00,79.40,78.90,79.17,47.90,44.50,36.00,2.60,64.50,52.50,50.20,72.10,71.90,73.50,43.90,83.90,83.90,0.02,1.00
10-Sep-26 10:00:00 PM EDT,0.00,0.00,76.60,83.40,0.00,0.00,79.20,78.60,78.92,48.00,53.20,36.00,31.90,63.70,54.40,50.20,72.10,71.90,73.40,44.10,83.50,83.20,0.03,1.00
10-Sep-26 11:00:00 PM EDT,0.00,0.00,76.20,83.60,0.00,0.00,78.80,78.30,78.58,47.10,48.10,38.20,33.40,63.80,55.20,49.40,72.10,71.90,73.40,43.90,83.60,82.00,0.02,1.00
11-Sep-26 12:00:00 AM EDT,0.00,0.00,75.80,83.70,0.00,0.00,78.50,78.00,78.25,47.90,43.50,39.30,24.00,64.50,54.20,50.20,72.00,72.10,73.40,43.80,83.60,81.60,0.02,1.00
11-Sep-26 1:00:00 AM EDT,0.00,0.00,75.80,83.80,0.00,0.00,78.40,78.00,78.21,47.90,55.40,34.70,29.40,64.00,55.20,50.20,72.10,72.00,73.40,43.90,83.50,0.00,0.02,1.00
11-Sep-26 2:00:00 AM EDT,0.00,0.00,75.30,83.20,0.00,0.00,77.90,77.60,77.75,47.40,51.20,38.40,28.00,64.30,60.00,49.70,72.00,72.10,73.40,43.50,83.30,80.80,0.02,1.00
11-Sep-26 3:00:00 AM EDT,0.00,0.00,74.70,82.50,0.00,0.00,77.30,77.00,77.19,47.80,36.50,35.70,39.10,64.70,61.00,50.10,72.10,71.90,73.40,43.40,82.70,79.40,0.03,1.00
11-Sep-26 4:00:00 AM EDT,0.00,0.00,74.30,82.50,0.00,0.00,76.90,76.70,76.83,48.10,38.20,38.20,31.50,63.10,56.00,50.30,72.00,72.00,73.40,43.50,82.50,78.10,0.03,1.00
11-Sep-26 5:00:00 AM EDT,0.00,0.00,73.70,82.80,0.00,0.00,76.30,76.20,76.26,48.00,49.60,36.80,23.50,64.20,58.80,50.10,72.10,72.20,73.40,43.60,82.50,76.80,0.02,1.00
11-Sep-26 6:00:00 AM EDT,0.00,0.00,73.10,82.30,0.00,0.00,75.60,75.60,75.58,47.20,41.30,40.30,33.20,64.70,58.30,49.50,72.00,72.00,73.30,43.10,82.10,0.00,0.02,1.00
11-Sep-26 7:00:00 AM EDT,0.00,0.00,72.60,82.00,0.00,0.00,75.00,75.00,75.00,48.30,40.60,38.80,32.10,64.70,59.20,50.40,72.00,72.00,73.40,43.30,81.80,74.90,0.02,1.00
11-Sep-26 8:00:00 AM EDT,0.00,0.00,72.20,82.00,0.00,0.00,74.50,74.70,74.61,47.70,47.70,40.20,30.40,65.50,57.90,49.80,72.00,72.00,73.30,43.10,82.00,74.00,0.02,1.00
11-Sep-26 9:00:00 AM EDT,0.00,0.00,72.10,82.00,0.00,0.00,74.40,74.60,74.48,47.60,30.90,39.10,31.90,66.40,56.60,49.80,72.10,71.90,73.40,42.40,81.80,73.90,0.02,1.00
11-Sep-26 10:00:00 AM EDT,0.00,0.00,71.90,81.30,0.00,0.00,74.10,74.30,74.24,47.80,29.90,40.10,30.30,65.00,54.10,49.90,71.90,71.90,73.30,42.80,81.60,73.90,0.02,1.00
11-Sep-26 11:00:00 AM EDT,0.00,0.00,71.80,83.40,0.00,0.00,74.00,74.20,74.09,48.40,44.90,34.80,29.30,64.40,54.90,50.40,72.10,72.00,73.40,43.30,82.00,0.00,0.02,1.00
11-Sep-26 12:00:00 PM EDT,0.00,0.00,71.80,81.50,0.00,0.00,73.90,74.20,74.05,47.20,33.30,37.00,26.30,64.30,56.20,49.40,72.10,72.10,73.40,42.60,81.50,73.10,0.02,1.00
11-Sep-26 1:00:00 PM EDT,0.00,0.00,72.20,81.50,0.00,0.00,74.60,74.70,74.62,48.50,51.70,38.40,16.50,62.20,54.00,50.40,71.90,72.10,73.20,43.50,81.90,73.90,0.02,1.00
11-Sep-26 2:00:00 PM EDT,0.00,0.00,72.80,82.10,0.00,0.00,75.20,75.30,75.24,48.70,69.80,35.00,12.70,64.00,53.80,50.70,72.10,72.10,73.40,43.80,82.40,76.00,0.02,1.00
11-Sep-26 3:00:00 PM EDT,0.00,0.00,73.80,82.30,0.00,0.00,76.40,76.20,76.29,47.90,33.10,38.40,27.90,63.60,53.70,50.10,72.00,71.90,73.30,43.00,82.60,78.60,0.02,1.00
11-Sep-26 4:00:00 PM EDT,0.00,0.00,74.30,82.30,0.00,0.00,76.90,76.70,76.78,48.20,48.30,36.80,9.50,62.80,52.80,50.20,72.00,72.10,73.30,43.40,82.60,0.00,0.02,1.00
11-Sep-26 5:00:00 PM EDT,0.00,0.00,74.90,83.00,0.00,0.00,77.50,77.20,77.31,47.40,34.80,33.90,0.00,61.40,51.70,49.60,72.10,72.20,73.40,42.70,82.70,80.00,0.02,1.00
11-Sep-26 6:00:00 PM EDT,0.00,0.00,75.30,83.00,0.00,0.00,77.90,77.50,77.71,48.00,35.80,34.90,0.00,59.60,52.10,50.20,71.90,72.50,73.20,43.40,83.00,80.10,0.02,1.00
11-Sep-26 7:00:00 PM EDT,0.00,0.00,75.10,82.70,0.00,0.00,77.60,77.30,77.48,47.80,39.10,34.90,0.00,59.40,52.00,49.90,72.00,72.60,73.40,43.20,82.60,80.60,0.02,1.00
11-Sep-26 8:00:00 PM EDT,0.00,0.00,74.90,82.80,0.00,0.00,77.50,77.20,77.39,47.60,34.80,34.10,0.00,59.20,51.70,49.70,71.90,72.50,73.20,42.70,82.50,79.60,0.02,1.00
11-Sep-26 9:00:00 PM EDT,0.00,0.00,74.40,82.20,0.00,0.00,77.00,76.80,76.90,47.90,31.90,38.10,0.00,63.90,52.20,49.90,72.10,72.00,73.40,42.10,82.10,0.00,0.03,1.00
11-Sep-26 10:00:00 PM EDT,0.00,0.00,74.00,81.80,0.00,0.00,76.60,76.40,76.49,48.10,38.60,34.90,32.10,64.00,54.10,50.30,72.00,71.80,73.30,42.10,81.70,78.30,0.02,1.00
11-Sep-26 11:00:00 PM EDT,0.00,0.00,73.80,81.70,0.00,0.00,76.40,76.20,76.28,47.80,46.70,40.50,36.00,64.40,56.40,50.10,72.00,71.90,73.30,42.00,81.60,77.80,0.03,1.00
12-Sep-26 12:00:00 AM EDT,0.00,0.00,73.40,81.80,0.00,0.00,75.90,75.80,75.88,47.90,38.80,40.00,34.40,64.90,55.60,50.20,72.00,72.00,73.40,41.90,81.80,76.70,0.03,1.00
12-Sep-26 1:00:00 AM EDT,0.00,0.00,73.00,81.70,0.00,0.00,75.50,75.50,75.50,48.00,61.00,37.70,31.70,64.70,56.40,50.00,72.00,72.00,73.40,42.70,81.60,75.30,0.02,1.00
12-Sep-26 2:00:00 AM EDT,0.00,0.00,72.30,81.40,0.00,0.00,74.60,74.70,74.65,48.10,65.90,38.80,31.40,64.60,56.50,50.00,72.00,72.00,73.30,43.00,81.70,0.00,0.03,1.00
12-Sep-26 3:00:00 AM EDT,0.00,0.00,71.70,81.50,0.00,0.00,73.90,74.10,74.01,47.90,68.20,40.40,38.80,65.60,57.20,50.10,72.00,71.80,73.30,42.90,81.70,73.30,0.03,1.00
12-Sep-26 4:00:00 AM EDT,0.00,0.00,70.60,82.10,0.00,0.00,72.70,73.10,72.91,48.40,74.80,39.30,34.90,65.10,54.40,50.30,72.00,71.80,73.30,43.40,81.80,70.30,0.03,1.00
12-Sep-26 5:00:00 AM EDT,0.00,0.00,70.00,82.00,0.00,0.00,72.10,72.60,72.38,48.90,100.00,38.80,29.70,61.10,57.10,50.80,71.80,72.00,73.20,44.20,81.70,69.50,0.03,1.00
12-Sep-26 6:00:00 AM EDT,0.00,0.00,70.10,81.90,0.00,0.00,72.20,72.70,72.42,49.10,100.00,40.20,32.20,65.80,55.30,50.90,71.90,71.90,73.30,44.60,81.80,69.10,0.03,1.00
12-Sep-26 7:00:00 AM EDT,0.00,0.00,69.90,81.80,0.00,0.00,72.00,72.50,72.27,49.50,100.00,39.30,25.50,65.10,55.90,51.30,71.90,72.10,73.30,45.10,81.60,0.00,0.03,1.00
12-Sep-26 8:00:00 AM EDT,0.00,0.00,69.90,81.40,0.00,0.00,72.10,72.50,72.30,49.80,100.00,38.90,33.70,66.20,59.60,51.60,72.00,72.00,73.30,45.50,81.50,69.10,0.03,1.00
12-Sep-26 9:00:00 AM EDT,0.00,0.00,70.40,81.60,0.00,0.00,72.60,73.00,72.77,50.10,100.00,35.60,28.40,65.60,56.80,51.70,72.10,72.00,73.40,45.90,81.60,70.10,0.03,1.00
12-Sep-26 10:00:00 AM EDT,0.00,0.00,71.20,81.50,0.00,0.00,73.30,73.60,73.45,49.60,100.00,33.80,28.40,64.90,57.60,51.30,72.00,72.10,73.30,45.60,81.80,72.20,0.03,1.00
12-Sep-26 11:00:00 AM EDT,0.00,0.00,72.30,82.80,0.00,0.00,74.60,74.70,74.67,47.70,99.10,36.30,17.80,63.10,54.20,49.70,72.00,72.10,73.30,46.50,82.70,75.50,0.03,1.00
12-Sep-26 12:00:00 PM EDT,0.00,0.00,73.10,82.70,0.00,0.00,75.60,75.60,75.58,48.10,51.40,40.50,30.30,65.80,54.40,50.30,72.00,71.90,73.30,44.10,82.60,0.00,0.03,1.00
12-Sep-26 1:00:00 PM EDT,0.00,0.00,73.40,82.70,0.00,0.00,76.00,75.90,75.92,47.70,49.70,40.30,24.50,64.70,54.40,49.80,72.00,72.10,73.30,43.80,82.80,77.20,0.03,1.00
12-Sep-26 2:00:00 PM EDT,0.00,0.00,74.10,82.90,0.00,0.00,76.60,76.50,76.53,47.60,40.30,34.20,21.40,63.40,56.40,49.80,72.20,72.20,73.50,43.40,82.60,77.30,0.04,1.00
12-Sep-26 3:00:00 PM EDT,0.00,0.00,73.80,82.50,0.00,0.00,76.40,76.20,76.29,47.70,37.80,38.50,28.90,63.80,53.70,49.90,72.00,72.00,73.30,43.60,82.80,77.20,0.04,1.00
12-Sep-26 4:00:00 PM EDT,0.00,0.00,73.50,82.10,0.00,0.00,76.00,76.00,76.00,47.80,35.10,37.80,35.50,63.70,56.40,49.90,72.00,71.90,73.30,43.60,82.20,77.30,0.03,1.00
12-Sep-26 5:00:00 PM EDT,0.00,0.00,73.50,82.70,0.00,0.00,76.10,76.00,76.03,48.00,48.30,38.10,25.30,59.30,53.50,50.10,71.80,72.00,73.10,44.10,82.20,0.00,0.03,1.00
12-Sep-26 6:00:00 PM EDT,0.00,0.00,73.10,82.30,0.00,0.00,75.60,75.60,75.61,47.90,48.20,33.80,18.30,62.40,52.90,50.00,72.10,72.00,73.40,43.80,82.40,76.50,0.04,1.00
12-Sep-26 7:00:00 PM EDT,0.00,0.00,72.80,82.50,0.00,0.00,75.20,75.30,75.25,47.60,38.90,34.40,18.90,62.70,52.70,49.70,72.00,71.90,73.30,43.80,82.40,75.60,0.04,1.00
12-Sep-26 8:00:00 PM EDT,0.00,0.00,72.70,82.60,0.00,0.00,75.10,75.10,75.10,47.80,35.40,32.20,18.10,61.90,52.70,49.80,71.90,71.90,73.20,43.90,82.40,75.00,0.03,1.00
12-Sep-26 9:00:00 PM EDT,0.00,0.00,72.50,81.90,0.00,0.00,74.90,75.00,74.93,47.90,50.90,37.60,32.00,64.20,58.70,50.00,72.00,72.00,73.30,43.60,81.90,74.60,0.03,1.00
12-Sep-26 10:00:00 PM EDT,0.00,0.00,72.40,82.10,0.00,0.00,74.70,74.80,74.77,47.70,35.00,38.00,24.20,64.70,62.10,49.80,72.10,72.20,73.40,43.00,81.80,0.00,0.03,1.00
12-Sep-26 11:00:00 PM EDT,0.00,0.00,72.20,82.10,0.00,0.00,74.60,74.70,74.63,48.30,51.70,39.70,29.60,64.30,54.40,50.30,71.90,72.00,73.30,43.70,81.30,74.20,0.03,1.00
13-Sep-26 12:00:00 AM EDT,0.00,0.00,73.30,80.90,0.00,0.00,75.60,75.90,75.77,53.80,21.10,39.30,47.70,73.90,71.30,56.00,74.10,73.80,75.60,46.60,81.30,74.20,0.03,1.00
13-Sep-26 1:00:00 AM EDT,0.00,0.00,73.20,81.70,0.00,0.00,75.50,75.80,75.66,54.00,28.10,41.10,34.60,70.90,60.30,56.00,73.80,73.90,75.40,48.10,81.60,74.20,0.03,1.00
13-Sep-26 2:00:00 AM EDT,0.00,0.00,73.10,81.30,0.00,0.00,75.40,75.70,75.57,54.20,25.10,40.10,31.20,71.70,65.90,56.10,73.90,74.10,75.40,48.50,81.20,73.80,0.03,1.00
13-Sep-26 3:00:00 AM EDT,0.00,0.00,73.10,82.00,0.00,0.00,75.40,75.70,75.58,54.10,23.40,37.80,24.60,69.80,60.50,56.00,74.00,74.20,75.50,48.50,81.90,0.00,0.03,1.00
13-Sep-26 4:00:00 AM EDT,0.00,0.00,73.00,81.40,0.00,0.00,75.30,75.60,75.47,54.10,31.00,38.30,42.00,71.80,67.80,56.20,74.00,73.70,75.50,48.90,81.80,73.70,0.03,1.00
13-Sep-26 5:00:00 AM EDT,0.00,0.00,73.20,81.80,0.00,0.00,75.60,75.90,75.71,54.00,31.90,37.30,31.40,71.40,69.60,56.00,74.10,74.10,75.60,49.00,81.90,74.00,0.03,1.00
13-Sep-26 6:00:00 AM EDT,0.00,0.00,73.20,81.90,0.00,0.00,75.60,75.90,75.73,53.90,32.50,38.10,39.80,70.80,66.10,55.90,74.00,73.80,75.50,49.20,82.20,73.90,0.03,1.00
13-Sep-26 7:00:00 AM EDT,0.00,0.00,72.70,82.30,0.00,0.00,75.10,75.40,75.25,53.80,32.90,38.40,34.90,70.20,61.10,55.90,74.00,73.90,75.50,49.30,82.10,72.40,0.03,1.00
13-Sep-26 8:00:00 AM EDT,0.00,0.00,72.30,82.30,0.00,0.00,74.50,75.00,74.71,53.70,21.90,39.80,30.10,69.70,59.90,55.70,73.90,74.00,75.40,49.30,82.20,0.00,0.03,1.00
13-Sep-26 9:00:00 AM EDT,0.00,0.00,71.90,81.80,0.00,0.00,74.00,74.60,74.27,54.10,30.30,37.70,36.80,71.30,72.40,56.20,74.10,73.90,75.60,49.70,82.10,71.00,0.03,1.00
13-Sep-26 10:00:00 AM EDT,0.00,0.00,72.40,82.30,0.00,0.00,74.60,75.10,74.84,54.10,35.40,38.20,35.60,70.90,64.10,56.10,74.00,73.90,75.50,49.80,82.40,72.20,0.03,1.00
13-Sep-26 11:00:00 AM EDT,0.00,0.00,72.00,81.90,0.00,0.00,74.10,74.70,74.37,53.90,22.40,38.80,34.20,71.60,67.00,56.00,74.00,74.10,75.50,49.60,82.00,71.20,0.03,1.00
13-Sep-26 12:00:00 PM EDT,0.00,0.00,72.30,82.30,0.00,0.00,74.50,75.00,74.73,54.00,34.50,40.50,31.30,71.20,60.10,55.90,73.90,73.90,75.40,50.00,82.30,72.40,0.03,1.00
13-Sep-26 1:00:00 PM EDT,0.00,0.00,72.60,82.20,0.00,0.00,74.80,75.30,75.04,53.60,22.90,38.50,37.30,72.00,66.80,55.80,74.10,73.90,75.60,49.50,82.40,0.00,0.03,1.00
13-Sep-26 2:00:00 PM EDT,0.00,0.00,72.90,82.60,0.00,0.00,75.30,75.60,75.44,53.90,37.90,39.40,21.10,70.40,67.40,56.10,73.90,74.30,75.50,50.00,82.50,73.20,0.03,1.00
13-Sep-26 3:00:00 PM EDT,0.00,0.00,73.50,82.60,0.00,0.00,75.90,76.20,76.07,53.80,33.60,37.90,29.60,70.30,63.40,55.90,74.00,74.10,75.50,49.70,82.80,74.60,0.03,1.00
13-Sep-26 4:00:00 PM EDT,0.00,0.00,74.50,83.00,0.00,0.00,76.90,77.10,77.00,53.70,30.50,36.20,32.60,70.50,62.60,55.90,74.10,73.90,75.60,49.70,83.10,78.40,0.03,1.00
13-Sep-26 5:00:00 PM EDT,0.00,0.00,75.60,83.20,0.00,0.00,78.10,78.00,78.02,54.20,26.20,37.10,31.70,69.60,61.20,56.30,74.00,74.00,75.50,49.70,83.30,79.90,0.03,1.00
13-Sep-26 6:00:00 PM EDT,0.00,0.00,76.30,83.10,0.00,0.00,78.70,78.60,78.65,53.90,36.00,33.70,24.20,68.80,59.50,56.10,74.10,74.00,75.60,49.90,83.30,0.00,0.03,1.00
13-Sep-26 7:00:00 PM EDT,0.00,0.00,76.70,83.40,0.00,0.00,79.10,78.90,79.01,53.80,34.90,37.30,26.80,70.70,60.40,56.00,74.00,74.00,75.50,49.70,83.40,81.30,0.03,1.00
13-Sep-26 8:00:00 PM EDT,0.00,0.00,76.70,83.20,0.00,0.00,79.20,79.00,79.07,53.90,41.10,37.70,27.20,71.10,63.70,56.10,74.10,74.10,75.60,49.60,83.20,81.20,0.03,1.00
13-Sep-26 9:00:00 PM EDT,0.00,0.00,76.50,83.00,0.00,0.00,79.00,78.80,78.91,53.70,37.60,38.90,29.60,70.90,62.40,56.00,74.00,74.00,75.50,49.50,83.00,80.20,0.03,1.00
13-Sep-26 10:00:00 PM EDT,0.00,0.00,75.60,83.00,0.00,0.00,78.00,78.00,78.01,53.70,36.60,35.60,34.10,70.60,60.90,55.90,74.10,73.90,75.60,49.60,83.00,78.00,0.03,1.00
13-Sep-26 11:00:00 PM EDT,0.00,0.00,75.00,82.70,0.00,0.00,77.50,77.50,77.54,53.90,37.60,38.60,36.20,71.00,61.10,56.10,73.90,73.80,75.40,50.10,82.90,0.00,0.03,1.00
14-Sep-26 12:00:00 AM EDT,0.00,0.00,75.20,83.30,0.00,0.00,77.60,77.60,77.63,53.60,40.60,37.30,34.90,70.10,62.80,55.90,74.10,73.80,75.50,49.80,83.20,77.90,0.03,1.00
14-Sep-26 1:00:00 AM EDT,0.00,0.00,75.10,83.00,0.00,0.00,77.60,77.60,77.61,53.80,29.30,39.10,35.10,70.30,60.50,56.00,74.00,73.80,75.50,49.80,83.00,78.00,0.03,1.00
14-Sep-26 2:00:00 AM EDT,0.00,0.00,75.10,82.90,0.00,0.00,77.50,77.60,77.55,53.60,27.90,38.80,28.90,70.10,59.90,55.80,74.00,74.00,75.50,49.60,82.90,77.80,0.02,1.00
14-Sep-26 3:00:00 AM EDT,0.00,0.00,75.10,82.70,0.00,0.00,77.60,77.60,77.57,54.00,31.80,37.50,39.20,71.00,67.80,56.20,74.10,73.80,75.60,49.70,82.80,77.50,0.03,1.00
14-Sep-26 4:00:00 AM EDT,0.00,0.00,74.90,83.10,0.00,0.00,77.30,77.40,77.37,53.70,34.30,36.10,22.30,70.00,61.20,55.80,74.10,74.20,75.60,49.40,82.80,0.00,0.02,1.00
14-Sep-26 5:00:00 AM EDT,0.00,0.00,74.80,83.10,0.00,0.00,77.30,77.40,77.34,53.50,21.40,38.20,27.30,69.90,65.40,55.70,74.00,74.20,75.60,49.30,82.80,77.30,0.02,1.00
14-Sep-26 6:00:00 AM EDT,0.00,0.00,74.10,82.40,0.00,0.00,76.60,76.80,76.69,54.10,28.20,39.30,27.50,70.00,62.70,56.00,73.90,74.10,75.40,49.90,82.00,75.80,0.02,1.00
14-Sep-26 7:00:00 AM EDT,0.00,0.00,73.70,82.10,0.00,0.00,76.10,76.40,76.22,54.20,27.10,36.40,25.40,70.20,69.40,56.20,74.10,74.20,75.60,49.50,82.00,74.30,0.02,1.00
14-Sep-26 8:00:00 AM EDT,0.00,0.00,73.20,81.90,0.00,0.00,75.60,76.00,75.81,54.30,20.70,40.60,27.40,70.30,60.10,56.10,73.90,74.00,75.40,49.40,81.50,72.80,0.02,1.00
14-Sep-26 9:00:00 AM EDT,75.00,0.00,72.60,81.20,0.00,0.00,74.80,75.20,74.99,54.20,21.00,38.10,38.60,71.00,63.00,56.20,74.00,73.80,75.50,48.90,81.10,0.00,0.02,1.00
14-Sep-26 10:00:00 AM EDT,100.00,0.00,72.20,80.80,0.00,0.00,74.30,74.90,74.58,54.10,37.40,36.70,31.10,69.00,70.00,56.00,74.00,74.10,75.50,46.90,80.80,71.70,0.02,1.00
14-Sep-26 11:00:00 AM EDT,100.00,0.00,72.30,80.90,0.00,0.00,74.40,74.90,74.67,54.10,39.10,39.80,29.00,70.70,61.00,56.00,74.00,74.00,75.50,45.40,80.80,71.70,0.02,1.00
14-Sep-26 12:00:00 PM EDT,100.00,0.00,72.30,81.10,0.00,0.00,74.40,74.90,74.67,53.90,34.30,39.30,26.50,69.90,60.70,55.80,74.00,74.00,75.40,45.10,81.30,72.30,0.01,1.00
14-Sep-26 1:00:00 PM EDT,100.00,0.00,72.40,80.60,0.00,0.00,74.60,75.10,74.85,53.60,24.00,37.30,28.00,71.20,62.50,56.00,74.10,74.10,75.60,43.50,81.30,72.70,0.01,1.00
14-Sep-26 2:00:00 PM EDT,100.00,0.00,72.50,80.70,0.00,0.00,74.70,75.20,74.97,53.10,26.90,41.00,25.40,68.40,59.40,55.60,73.80,73.90,75.30,42.10,80.80,0.00,0.02,1.00
14-Sep-26 3:00:00 PM EDT,100.00,0.00,73.40,80.10,0.00,0.00,75.70,76.00,75.85,74.70,0.00,0.00,0.00,77.40,75.00,74.90,74.70,74.40,76.10,40.90,80.50,73.60,0.02,1.00
14-Sep-26 4:00:00 PM EDT,100.00,0.00,73.20,80.60,0.00,0.00,75.50,75.80,75.63,54.20,23.60,40.10,20.20,70.80,59.10,56.40,74.10,73.70,75.50,40.40,81.00,74.10,0.02,1.00
14-Sep-26 5:00:00 PM EDT,100.00,0.00,73.90,80.80,0.00,0.00,76.30,76.50,76.41,53.80,29.20,37.60,12.30,70.40,59.30,56.00,74.20,74.20,75.60,39.70,81.20,75.20,0.02,1.00
14-Sep-26 6:00:00 PM EDT,100.00,0.00,73.70,81.00,0.00,0.00,76.10,76.30,76.21,54.00,34.40,38.00,8.60,67.80,59.00,56.20,74.00,74.20,75.50,39.20,81.30,75.10,0.02,1.00
14-Sep-26 7:00:00 PM EDT,100.00,0.00,73.40,81.40,0.00,0.00,75.80,76.10,75.95,53.90,32.80,36.60,0.00,65.40,58.40,56.00,74.00,74.30,75.50,39.00,80.90,0.00,0.02,1.00
14-Sep-26 8:00:00 PM EDT,100.00,0.00,73.50,82.90,0.00,0.00,75.90,76.20,76.02,53.70,30.90,40.30,0.00,68.90,58.40,55.90,73.90,74.10,75.40,36.50,81.40,74.50,0.02,1.00
14-Sep-26 9:00:00 PM EDT,100.00,0.00,72.80,80.80,0.00,0.00,75.10,75.50,75.28,53.70,23.10,42.80,29.80,71.40,59.60,55.90,73.90,73.60,75.40,35.00,80.40,72.80,0.02,1.00
14-Sep-26 10:00:00 PM EDT,100.00,0.00,72.20,80.30,0.00,0.00,74.40,74.90,74.63,53.70,22.20,40.30,38.10,71.70,64.50,56.00,74.00,73.90,75.50,34.80,80.10,71.20,0.02,1.00
14-Sep-26 11:00:00 PM EDT,100.00,0.00,71.60,79.90,0.00,0.00,73.50,74.20,73.87,54.10,24.50,38.90,38.10,72.30,64.50,56.30,74.10,73.80,75.60,35.30,80.00,69.80,0.02,1.00
