Timestamp,FCU-5-302/FAN-S,FCU-5-302/FAN-O (%),FCU-5-302/CLG-O (%),FCU-5-302/HTG-O (%),FCU-5-302/DA-T (°F),FCU-5-302/ZN-T (°F),FCU-5-302/EFFCLG-SP (°F),FCU-5-302/EFFHTG-SP (°F)
25-Aug-26 12:00:00 AM EDT,0.00,20.00,0.00,0.00,70.70,71.40,72.00,68.00
25-Aug-26 1:00:00 AM EDT,0.00,20.00,0.00,0.00,71.60,71.50,72.00,68.00
25-Aug-26 2:00:00 AM EDT,0.00,20.00,0.00,0.00,71.70,71.60,72.00,68.00
25-Aug-26 3:00:00 AM EDT,0.00,20.00,0.00,0.00,71.80,71.60,72.00,68.00
25-Aug-26 4:00:00 AM EDT,0.00,20.00,0.00,0.00,71.70,71.50,72.00,68.00
25-Aug-26 5:00:00 AM EDT,0.00,20.00,0.00,0.00,71.60,71.40,72.00,68.00
25-Aug-26 6:00:00 AM EDT,0.00,20.00,0.00,0.00,71.40,71.30,72.00,68.00
25-Aug-26 7:00:00 AM EDT,0.00,20.00,0.00,0.00,72.60,71.60,72.00,68.00
25-Aug-26 8:00:00 AM EDT,0.00,100.00,100.00,0.00,53.70,73.60,72.00,68.00
25-Aug-26 9:00:00 AM EDT,0.00,100.00,100.00,0.00,54.80,76.00,72.00,68.00
25-Aug-26 10:00:00 AM EDT,0.00,100.00,100.00,0.00,55.80,77.40,72.00,68.00
25-Aug-26 11:00:00 AM EDT,0.00,100.00,100.00,0.00,54.90,77.70,72.00,68.00
25-Aug-26 12:00:00 PM EDT,0.00,100.00,100.00,0.00,53.80,77.20,72.00,68.00
25-Aug-26 1:00:00 PM EDT,0.00,100.00,100.00,0.00,53.60,76.40,72.00,68.00
25-Aug-26 2:00:00 PM EDT,0.00,100.00,100.00,0.00,53.60,76.00,72.00,68.00
25-Aug-26 3:00:00 PM EDT,0.00,100.00,100.00,0.00,53.60,75.40,72.00,68.00
25-Aug-26 4:00:00 PM EDT,0.00,100.00,100.00,0.00,53.60,74.90,72.00,68.00
25-Aug-26 5:00:00 PM EDT,0.00,100.00,100.00,0.00,53.20,74.50,72.00,68.00
25-Aug-26 6:00:00 PM EDT,0.00,100.00,100.00,0.00,52.90,73.80,72.00,68.00
25-Aug-26 7:00:00 PM EDT,0.00,100.00,100.00,0.00,52.60,73.20,72.00,68.00
25-Aug-26 8:00:00 PM EDT,0.00,100.00,100.00,0.00,52.20,72.70,72.00,68.00
25-Aug-26 9:00:00 PM EDT,0.00,100.00,100.00,0.00,51.90,72.10,72.00,68.00
25-Aug-26 10:00:00 PM EDT,0.00,68.20,53.20,0.00,52.20,71.60,72.00,68.00
25-Aug-26 11:00:00 PM EDT,0.00,20.00,0.00,0.00,65.70,71.30,72.00,68.00
26-Aug-26 12:00:00 AM EDT,0.00,20.00,0.00,0.00,70.80,71.40,72.00,68.00
26-Aug-26 1:00:00 AM EDT,0.00,20.00,0.00,0.00,71.70,71.60,72.00,68.00
26-Aug-26 2:00:00 AM EDT,0.00,20.00,0.00,0.00,71.90,71.70,72.00,68.00
26-Aug-26 3:00:00 AM EDT,0.00,20.00,0.00,0.00,71.80,71.80,72.00,68.00
26-Aug-26 4:00:00 AM EDT,0.00,20.00,0.00,0.00,71.80,71.70,72.00,68.00
26-Aug-26 5:00:00 AM EDT,0.00,20.00,0.00,0.00,71.70,71.60,72.00,68.00
26-Aug-26 6:00:00 AM EDT,0.00,20.00,0.00,0.00,71.70,71.50,72.00,68.00
26-Aug-26 7:00:00 AM EDT,0.00,20.00,0.00,0.00,72.50,71.70,72.00,68.00
26-Aug-26 8:00:00 AM EDT,0.00,100.00,100.00,0.00,53.90,73.50,72.00,68.00
26-Aug-26 9:00:00 AM EDT,0.00,100.00,100.00,0.00,54.70,75.60,72.00,68.00
26-Aug-26 10:00:00 AM EDT,0.00,100.00,100.00,0.00,55.30,77.00,72.00,68.00
26-Aug-26 11:00:00 AM EDT,0.00,100.00,100.00,0.00,55.20,77.40,72.00,68.00
26-Aug-26 12:00:00 PM EDT,0.00,100.00,100.00,0.00,54.30,77.10,72.00,68.00
26-Aug-26 1:00:00 PM EDT,0.00,100.00,100.00,0.00,53.60,76.50,72.00,68.00
26-Aug-26 2:00:00 PM EDT,0.00,100.00,100.00,0.00,53.80,76.30,72.00,68.00
26-Aug-26 3:00:00 PM EDT,0.00,100.00,100.00,0.00,54.30,76.60,72.00,68.00
26-Aug-26 4:00:00 PM EDT,0.00,100.00,100.00,0.00,53.60,76.80,72.00,68.00
26-Aug-26 5:00:00 PM EDT,0.00,100.00,100.00,0.00,52.60,75.60,72.00,68.00
26-Aug-26 6:00:00 PM EDT,0.00,100.00,100.00,0.00,52.50,74.20,72.00,68.00
26-Aug-26 7:00:00 PM EDT,0.00,100.00,100.00,0.00,52.50,73.20,72.00,68.00
26-Aug-26 8:00:00 PM EDT,0.00,100.00,100.00,0.00,52.10,72.50,72.00,68.00
26-Aug-26 9:00:00 PM EDT,0.00,97.90,94.00,0.00,52.00,71.90,72.00,68.00
26-Aug-26 10:00:00 PM EDT,0.00,56.70,38.30,0.00,53.50,71.50,72.00,68.00
26-Aug-26 11:00:00 PM EDT,0.00,20.00,0.00,0.00,66.90,71.40,72.00,68.00
27-Aug-26 12:00:00 AM EDT,0.00,20.00,0.00,0.00,71.30,71.70,72.00,68.00
27-Aug-26 1:00:00 AM EDT,0.00,20.70,2.80,0.00,72.20,72.00,72.00,68.00
27-Aug-26 2:00:00 AM EDT,0.00,36.00,23.40,0.00,72.30,72.20,72.00,68.00
27-Aug-26 3:00:00 AM EDT,0.00,45.80,32.80,0.00,56.00,72.10,72.00,68.00
27-Aug-26 4:00:00 AM EDT,0.00,29.50,9.70,0.00,71.00,71.80,72.00,68.00
27-Aug-26 5:00:00 AM EDT,0.00,20.00,0.00,0.00,71.80,71.80,72.00,68.00
27-Aug-26 6:00:00 AM EDT,0.00,20.00,0.00,0.00,71.90,71.80,72.00,68.00
27-Aug-26 7:00:00 AM EDT,0.00,20.00,0.00,0.00,72.20,72.00,72.00,68.00
27-Aug-26 8:00:00 AM EDT,0.00,99.10,100.00,0.00,53.00,73.00,72.00,68.00
27-Aug-26 9:00:00 AM EDT,0.00,100.00,100.00,0.00,52.60,73.10,72.00,68.00
27-Aug-26 10:00:00 AM EDT,0.00,100.00,100.00,0.00,52.50,73.10,72.00,68.00
27-Aug-26 11:00:00 AM EDT,0.00,100.00,100.00,0.00,52.50,73.10,72.00,68.00
27-Aug-26 12:00:00 PM EDT,0.00,100.00,100.00,0.00,52.70,73.20,72.00,68.00
27-Aug-26 1:00:00 PM EDT,0.00,100.00,100.00,0.00,52.70,73.20,72.00,68.00
27-Aug-26 2:00:00 PM EDT,0.00,100.00,100.00,0.00,52.50,72.80,72.00,68.00
27-Aug-26 3:00:00 PM EDT,0.00,100.00,100.00,0.00,52.20,72.40,72.00,68.00
27-Aug-26 4:00:00 PM EDT,0.00,100.00,100.00,0.00,52.20,72.30,72.00,68.00
27-Aug-26 5:00:00 PM EDT,0.00,98.50,95.10,0.00,51.80,72.00,72.00,68.00
27-Aug-26 6:00:00 PM EDT,0.00,52.30,29.70,0.00,53.80,71.40,72.00,68.00
27-Aug-26 7:00:00 PM EDT,0.00,20.00,0.00,0.00,66.30,71.00,72.00,68.00
27-Aug-26 8:00:00 PM EDT,0.00,20.00,0.00,0.00,70.30,71.10,72.00,68.00
27-Aug-26 9:00:00 PM EDT,0.00,20.00,0.00,0.00,71.30,71.30,72.00,68.00
27-Aug-26 10:00:00 PM EDT,0.00,20.00,0.00,0.00,71.50,71.40,72.00,68.00
27-Aug-26 11:00:00 PM EDT,0.00,20.00,0.00,0.00,71.60,71.40,72.00,68.00
28-Aug-26 12:00:00 AM EDT,0.00,20.00,0.00,0.00,71.60,71.50,72.00,68.00
28-Aug-26 1:00:00 AM EDT,0.00,20.00,0.00,0.00,71.70,71.50,72.00,68.00
28-Aug-26 2:00:00 AM EDT,0.00,20.00,0.00,0.00,71.70,71.60,72.00,68.00
28-Aug-26 3:00:00 AM EDT,0.00,20.00,0.00,0.00,71.70,71.70,72.00,68.00
28-Aug-26 4:00:00 AM EDT,0.00,20.00,0.00,0.00,71.70,71.60,72.00,68.00
28-Aug-26 5:00:00 AM EDT,0.00,20.00,0.00,0.00,71.60,71.50,72.00,68.00
28-Aug-26 6:00:00 AM EDT,0.00,20.00,0.00,0.00,71.50,71.40,72.00,68.00
28-Aug-26 7:00:00 AM EDT,0.00,20.00,0.00,0.00,71.60,71.40,72.00,68.00
28-Aug-26 8:00:00 AM EDT,0.00,20.00,0.00,0.00,72.80,71.80,72.00,68.00
28-Aug-26 9:00:00 AM EDT,0.00,87.20,95.30,0.00,54.80,72.80,72.00,68.00
28-Aug-26 10:00:00 AM EDT,0.00,100.00,100.00,0.00,52.20,73.00,72.00,68.00
28-Aug-26 11:00:00 AM EDT,0.00,100.00,100.00,0.00,53.40,73.50,72.00,68.00
28-Aug-26 12:00:00 PM EDT,0.00,100.00,100.00,0.00,55.00,74.10,72.00,68.00
28-Aug-26 1:00:00 PM EDT,0.00,100.00,100.00,0.00,53.10,74.20,72.00,68.00
28-Aug-26 2:00:00 PM EDT,0.00,100.00,100.00,0.00,53.20,74.20,72.00,68.00
28-Aug-26 3:00:00 PM EDT,0.00,100.00,100.00,0.00,53.40,74.20,72.00,68.00
28-Aug-26 4:00:00 PM EDT,0.00,100.00,100.00,0.00,53.50,74.40,72.00,68.00
28-Aug-26 5:00:00 PM EDT,0.00,100.00,100.00,0.00,53.30,74.30,72.00,68.00
28-Aug-26 6:00:00 PM EDT,0.00,100.00,100.00,0.00,52.90,73.90,72.00,68.00
28-Aug-26 7:00:00 PM EDT,0.00,100.00,100.00,0.00,52.60,73.30,72.00,68.00
28-Aug-26 8:00:00 PM EDT,0.00,100.00,100.00,0.00,52.30,72.80,72.00,68.00
28-Aug-26 9:00:00 PM EDT,0.00,100.00,100.00,0.00,51.90,72.30,72.00,68.00
28-Aug-26 10:00:00 PM EDT,0.00,87.40,79.30,0.00,51.60,71.80,72.00,68.00
28-Aug-26 11:00:00 PM EDT,0.00,41.50,20.30,0.00,58.20,71.50,72.00,68.00
29-Aug-26 12:00:00 AM EDT,0.00,20.00,0.00,0.00,68.30,71.50,72.00,68.00
29-Aug-26 1:00:00 AM EDT,0.00,20.00,0.00,0.00,71.30,71.60,72.00,68.00
29-Aug-26 2:00:00 AM EDT,0.00,20.00,0.00,0.00,71.80,71.80,72.00,68.00
29-Aug-26 3:00:00 AM EDT,0.00,20.00,0.00,0.00,71.80,71.80,72.00,68.00
29-Aug-26 4:00:00 AM EDT,0.00,20.00,0.00,0.00,71.70,71.60,72.00,68.00
29-Aug-26 5:00:00 AM EDT,0.00,0.00,0.00,0.00,0.00,0.00,0.00,0.00
29-Aug-26 6:00:00 AM EDT,0.00,20.00,0.00,0.00,71.60,71.30,72.00,68.00
29-Aug-26 7:00:00 AM EDT,0.00,20.00,0.00,0.00,72.10,71.40,72.00,68.00
29-Aug-26 8:00:00 AM EDT,0.00,85.40,100.00,0.00,52.70,73.10,72.00,68.00
29-Aug-26 9:00:00 AM EDT,0.00,100.00,100.00,0.00,53.40,75.10,72.00,68.00
29-Aug-26 10:00:00 AM EDT,0.00,100.00,100.00,0.00,53.50,76.40,72.00,68.00
29-Aug-26 11:00:00 AM EDT,0.00,100.00,100.00,0.00,53.10,76.40,72.00,68.00
29-Aug-26 12:00:00 PM EDT,0.00,100.00,100.00,0.00,52.60,75.50,72.00,68.00
29-Aug-26 1:00:00 PM EDT,0.00,100.00,100.00,0.00,52.60,74.60,72.00,68.00
29-Aug-26 2:00:00 PM EDT,0.00,100.00,100.00,0.00,52.30,74.60,72.00,68.00
29-Aug-26 3:00:00 PM EDT,0.00,100.00,100.00,0.00,52.60,74.70,72.00,68.00
29-Aug-26 4:00:00 PM EDT,0.00,100.00,100.00,0.00,52.40,74.70,72.00,68.00
29-Aug-26 5:00:00 PM EDT,0.00,100.00,100.00,0.00,52.80,74.60,72.00,68.00
29-Aug-26 6:00:00 PM EDT,0.00,100.00,100.00,0.00,52.80,74.60,72.00,68.00
29-Aug-26 7:00:00 PM EDT,0.00,100.00,100.00,0.00,52.70,74.40,72.00,68.00
29-Aug-26 8:00:00 PM EDT,0.00,100.00,100.00,0.00,52.30,74.20,72.00,68.00
29-Aug-26 9:00:00 PM EDT,0.00,100.00,100.00,0.00,51.90,73.90,72.00,68.00
29-Aug-26 10:00:00 PM EDT,0.00,100.00,100.00,0.00,51.80,73.60,72.00,68.00
29-Aug-26 11:00:00 PM EDT,0.00,100.00,100.00,0.00,52.10,73.30,72.00,68.00
30-Aug-26 12:00:00 AM EDT,0.00,100.00,100.00,0.00,52.30,73.00,72.00,68.00
30-Aug-26 1:00:00 AM EDT,0.00,100.00,100.00,0.00,52.40,72.80,72.00,68.00
30-Aug-26 2:00:00 AM EDT,0.00,100.00,100.00,0.00,53.20,72.60,72.00,68.00
30-Aug-26 3:00:00 AM EDT,0.00,71.10,52.10,0.00,54.00,71.50,72.00,68.00
30-Aug-26 4:00:00 AM EDT,0.00,20.00,0.00,0.00,68.40,70.60,72.00,68.00
30-Aug-26 5:00:00 AM EDT,0.00,20.00,0.00,0.00,70.50,70.40,72.00,68.00
30-Aug-26 6:00:00 AM EDT,0.00,20.00,0.00,0.00,71.10,70.60,72.00,68.00
30-Aug-26 7:00:00 AM EDT,0.00,20.00,0.00,0.00,71.30,70.80,72.00,68.00
30-Aug-26 8:00:00 AM EDT,0.00,20.00,0.00,0.00,72.40,71.40,72.00,68.00
30-Aug-26 9:00:00 AM EDT,0.00,98.40,100.00,0.00,53.60,73.20,72.00,68.00
30-Aug-26 10:00:00 AM EDT,0.00,100.00,100.00,0.00,54.10,75.10,72.00,68.00
30-Aug-26 11:00:00 AM EDT,0.00,100.00,100.00,0.00,54.60,75.80,72.00,68.00
30-Aug-26 12:00:00 PM EDT,0.00,100.00,100.00,0.00,53.60,75.20,72.00,68.00
30-Aug-26 1:00:00 PM EDT,0.00,100.00,100.00,0.00,53.30,74.60,72.00,68.00
30-Aug-26 2:00:00 PM EDT,0.00,100.00,100.00,0.00,53.00,74.00,72.00,68.00
30-Aug-26 3:00:00 PM EDT,0.00,100.00,100.00,0.00,52.50,73.40,72.00,68.00
30-Aug-26 4:00:00 PM EDT,0.00,100.00,100.00,0.00,52.30,72.90,72.00,68.00
30-Aug-26 5:00:00 PM EDT,0.00,100.00,100.00,0.00,52.40,72.50,72.00,68.00
30-Aug-26 6:00:00 PM EDT,0.00,100.00,100.00,0.00,52.40,72.20,72.00,68.00
30-Aug-26 7:00:00 PM EDT,0.00,93.90,89.70,0.00,52.00,71.90,72.00,68.00
30-Aug-26 8:00:00 PM EDT,0.00,60.30,44.10,0.00,52.90,71.60,72.00,68.00
30-Aug-26 9:00:00 PM EDT,0.00,22.80,2.00,0.00,65.30,71.60,72.00,68.00
30-Aug-26 10:00:00 PM EDT,0.00,20.00,0.00,0.00,70.70,71.80,72.00,68.00
30-Aug-26 11:00:00 PM EDT,0.00,22.00,4.10,0.00,72.20,72.00,72.00,68.00
31-Aug-26 12:00:00 AM EDT,0.00,41.50,29.60,0.00,67.50,72.20,72.00,68.00
31-Aug-26 1:00:00 AM EDT,0.00,45.80,30.10,0.00,55.40,72.00,72.00,68.00
31-Aug-26 2:00:00 AM EDT,0.00,28.00,7.80,0.00,71.10,71.80,72.00,68.00
31-Aug-26 3:00:00 AM EDT,0.00,20.00,0.00,0.00,72.00,71.90,72.00,68.00
31-Aug-26 4:00:00 AM EDT,0.00,21.10,1.60,0.00,72.20,72.00,72.00,68.00
31-Aug-26 5:00:00 AM EDT,0.00,29.40,14.40,0.00,72.20,72.10,72.00,68.00
31-Aug-26 6:00:00 AM EDT,0.00,39.00,25.00,0.00,71.20,72.10,72.00,68.00
31-Aug-26 7:00:00 AM EDT,0.00,35.50,18.40,0.00,70.10,71.90,72.00,68.00
31-Aug-26 8:00:00 AM EDT,0.00,30.70,13.50,0.00,72.20,72.00,72.00,68.00
31-Aug-26 9:00:00 AM EDT,0.00,39.70,27.90,0.00,69.40,72.10,72.00,68.00
31-Aug-26 10:00:00 AM EDT,0.00,79.10,84.10,0.00,52.70,72.50,72.00,68.00
31-Aug-26 11:00:00 AM EDT,0.00,100.00,100.00,0.00,52.40,72.80,72.00,68.00
31-Aug-26 12:00:00 PM EDT,0.00,100.00,100.00,0.00,52.90,73.10,72.00,68.00
31-Aug-26 1:00:00 PM EDT,0.00,100.00,100.00,0.00,53.20,73.40,72.00,68.00
31-Aug-26 2:00:00 PM EDT,0.00,100.00,100.00,0.00,53.50,73.50,72.00,68.00
31-Aug-26 3:00:00 PM EDT,0.00,100.00,100.00,0.00,53.20,73.60,72.00,68.00
31-Aug-26 4:00:00 PM EDT,0.00,100.00,100.00,0.00,52.70,73.50,72.00,68.00
31-Aug-26 5:00:00 PM EDT,0.00,100.00,100.00,0.00,52.70,73.30,72.00,68.00
31-Aug-26 6:00:00 PM EDT,0.00,100.00,100.00,0.00,52.50,72.70,72.00,68.00
31-Aug-26 7:00:00 PM EDT,0.00,100.00,100.00,0.00,52.40,72.00,72.00,68.00
31-Aug-26 8:00:00 PM EDT,0.00,54.20,33.10,0.00,54.10,71.40,72.00,68.00
31-Aug-26 9:00:00 PM EDT,0.00,20.00,0.00,0.00,66.50,71.20,72.00,68.00
31-Aug-26 10:00:00 PM EDT,0.00,20.00,0.00,0.00,70.80,71.30,72.00,68.00
31-Aug-26 11:00:00 PM EDT,0.00,20.00,0.00,0.00,71.80,71.60,72.00,68.00
01-Sep-26 12:00:00 AM EDT,0.00,20.00,0.00,0.00,72.00,71.90,72.00,68.00
01-Sep-26 1:00:00 AM EDT,0.00,20.00,0.00,0.00,72.10,72.00,72.00,68.00
01-Sep-26 2:00:00 AM EDT,0.00,27.00,9.60,0.00,72.20,72.10,72.00,68.00
01-Sep-26 3:00:00 AM EDT,0.00,35.40,21.00,0.00,72.20,72.10,72.00,68.00
01-Sep-26 4:00:00 AM EDT,0.00,40.10,22.60,0.00,61.10,72.00,72.00,68.00
01-Sep-26 5:00:00 AM EDT,0.00,32.70,15.10,0.00,72.00,71.90,72.00,68.00
01-Sep-26 6:00:00 AM EDT,0.00,32.20,15.30,0.00,72.20,72.00,72.00,68.00
01-Sep-26 7:00:00 AM EDT,0.00,36.70,20.10,0.00,72.20,72.10,72.00,68.00
01-Sep-26 8:00:00 AM EDT,0.00,41.20,26.60,0.00,61.50,72.00,72.00,68.00
01-Sep-26 9:00:00 AM EDT,0.00,38.60,23.50,0.00,66.20,72.00,72.00,68.00
01-Sep-26 10:00:00 AM EDT,0.00,44.40,31.20,0.00,59.00,72.10,72.00,68.00
01-Sep-26 11:00:00 AM EDT,0.00,78.60,78.00,0.00,52.10,72.40,72.00,68.00
01-Sep-26 12:00:00 PM EDT,0.00,100.00,100.00,0.00,52.30,72.70,72.00,68.00
01-Sep-26 1:00:00 PM EDT,0.00,100.00,100.00,0.00,52.40,72.80,72.00,68.00
01-Sep-26 2:00:00 PM EDT,0.00,100.00,100.00,0.00,52.30,72.70,72.00,68.00
01-Sep-26 3:00:00 PM EDT,0.00,100.00,100.00,0.00,52.60,72.60,72.00,68.00
01-Sep-26 4:00:00 PM EDT,0.00,100.00,100.00,0.00,52.70,72.80,72.00,68.00
01-Sep-26 5:00:00 PM EDT,0.00,100.00,100.00,0.00,52.70,73.10,72.00,68.00
01-Sep-26 6:00:00 PM EDT,0.00,100.00,100.00,0.00,52.20,72.60,72.00,68.00
01-Sep-26 7:00:00 PM EDT,0.00,100.00,100.00,0.00,52.90,72.60,72.00,68.00
01-Sep-26 8:00:00 PM EDT,0.00,90.10,82.30,0.00,51.50,71.80,72.00,68.00
01-Sep-26 9:00:00 PM EDT,0.00,23.30,0.00,0.00,63.20,71.20,72.00,68.00
01-Sep-26 10:00:00 PM EDT,0.00,20.00,0.00,0.00,68.80,71.00,72.00,68.00
01-Sep-26 11:00:00 PM EDT,0.00,20.00,0.00,0.00,71.00,71.10,72.00,68.00
02-Sep-26 12:00:00 AM EDT,0.00,20.00,0.00,0.00,71.40,71.10,72.00,68.00
02-Sep-26 1:00:00 AM EDT,0.00,20.00,0.00,0.00,71.60,71.20,72.00,68.00
02-Sep-26 2:00:00 AM EDT,0.00,20.00,0.00,0.00,71.60,71.10,72.00,68.00
02-Sep-26 3:00:00 AM EDT,0.00,20.00,0.00,0.00,71.50,71.10,72.00,68.00
02-Sep-26 4:00:00 AM EDT,0.00,20.00,0.00,0.00,71.60,71.10,72.00,68.00
02-Sep-26 5:00:00 AM EDT,0.00,20.00,0.00,0.00,71.50,71.00,72.00,68.00
02-Sep-26 6:00:00 AM EDT,0.00,20.00,0.00,0.00,71.40,70.90,72.00,68.00
02-Sep-26 7:00:00 AM EDT,0.00,20.00,0.00,0.00,71.30,70.80,72.00,68.00
02-Sep-26 8:00:00 AM EDT,0.00,20.00,0.00,0.00,71.40,70.70,72.00,68.00
02-Sep-26 9:00:00 AM EDT,0.00,20.00,0.00,0.00,72.00,70.80,72.00,68.00
02-Sep-26 10:00:00 AM EDT,0.00,20.00,0.00,0.00,72.40,71.70,72.00,68.00
02-Sep-26 11:00:00 AM EDT,0.00,45.70,41.40,0.00,63.30,72.40,72.00,68.00
02-Sep-26 12:00:00 PM EDT,0.00,100.00,100.00,0.00,53.40,72.90,72.00,68.00
02-Sep-26 1:00:00 PM EDT,0.00,100.00,100.00,0.00,53.10,73.00,72.00,68.00
02-Sep-26 2:00:00 PM EDT,0.00,100.00,100.00,0.00,53.20,72.70,72.00,68.00
02-Sep-26 3:00:00 PM EDT,0.00,95.50,85.50,0.00,53.00,71.90,72.00,68.00
02-Sep-26 4:00:00 PM EDT,0.00,20.00,0.00,0.00,63.40,70.60,72.00,68.00
02-Sep-26 5:00:00 PM EDT,0.00,20.00,0.00,0.00,67.90,70.10,72.00,68.00
02-Sep-26 6:00:00 PM EDT,0.00,20.00,0.00,0.00,69.50,69.40,72.00,68.00
02-Sep-26 7:00:00 PM EDT,0.00,20.00,0.00,0.00,69.60,68.80,72.00,68.00
02-Sep-26 8:00:00 PM EDT,0.00,20.00,0.00,0.00,69.60,68.40,72.00,68.00
02-Sep-26 9:00:00 PM EDT,0.00,20.00,0.00,0.00,69.70,68.30,72.00,68.00
02-Sep-26 10:00:00 PM EDT,0.00,20.00,0.00,0.00,69.70,68.40,72.00,68.00
02-Sep-26 11:00:00 PM EDT,0.00,20.00,0.00,0.00,69.80,68.50,72.00,68.00
03-Sep-26 12:00:00 AM EDT,0.00,20.00,0.00,0.00,69.80,68.50,72.00,68.00
03-Sep-26 1:00:00 AM EDT,0.00,20.00,0.00,0.00,69.80,68.50,72.00,68.00
03-Sep-26 2:00:00 AM EDT,0.00,20.00,0.00,0.00,69.80,68.50,72.00,68.00
03-Sep-26 3:00:00 AM EDT,0.00,20.00,0.00,0.00,69.70,68.40,72.00,68.00
03-Sep-26 4:00:00 AM EDT,0.00,20.00,0.00,0.00,69.80,68.50,72.00,68.00
03-Sep-26 5:00:00 AM EDT,0.00,20.00,0.00,0.00,69.70,68.50,72.00,68.00
03-Sep-26 6:00:00 AM EDT,0.00,20.00,0.00,0.00,69.70,68.50,72.00,68.00
03-Sep-26 7:00:00 AM EDT,0.00,20.00,0.00,0.00,69.80,68.60,72.00,68.00
03-Sep-26 8:00:00 AM EDT,0.00,20.00,0.00,0.00,69.90,68.60,72.00,68.00
03-Sep-26 9:00:00 AM EDT,0.00,20.00,0.00,0.00,70.20,68.70,72.00,68.00
03-Sep-26 10:00:00 AM EDT,0.00,20.00,0.00,0.00,70.50,69.30,72.00,68.00
03-Sep-26 11:00:00 AM EDT,0.00,64.50,58.50,0.00,55.10,72.80,72.00,68.00
03-Sep-26 12:00:00 PM EDT,0.00,100.00,100.00,0.00,52.40,72.80,72.00,68.00
03-Sep-26 1:00:00 PM EDT,0.00,100.00,100.00,0.00,53.20,73.60,72.00,68.00
03-Sep-26 2:00:00 PM EDT,0.00,100.00,100.00,0.00,51.90,72.80,72.00,68.00
03-Sep-26 3:00:00 PM EDT,0.00,100.00,100.00,0.00,51.90,72.40,72.00,68.00
03-Sep-26 4:00:00 PM EDT,0.00,100.00,100.00,0.00,51.80,72.00,72.00,68.00
03-Sep-26 5:00:00 PM EDT,0.00,100.00,100.00,0.00,52.10,72.00,72.00,68.00
03-Sep-26 6:00:00 PM EDT,0.00,94.00,87.00,0.00,51.70,71.90,72.00,68.00
03-Sep-26 7:00:00 PM EDT,0.00,59.80,35.60,0.00,52.80,71.50,72.00,68.00
03-Sep-26 8:00:00 PM EDT,0.00,37.90,27.10,0.00,63.80,71.80,72.00,68.00
03-Sep-26 9:00:00 PM EDT,0.00,45.40,38.90,0.00,61.60,72.20,72.00,68.00
03-Sep-26 10:00:00 PM EDT,0.00,57.40,37.70,0.00,53.20,71.80,72.00,68.00
03-Sep-26 11:00:00 PM EDT,0.00,23.70,2.70,0.00,71.00,71.70,72.00,68.00
04-Sep-26 12:00:00 AM EDT,0.00,20.00,0.00,0.00,72.50,72.00,72.00,68.00
04-Sep-26 1:00:00 AM EDT,0.00,20.00,0.00,0.00,72.60,72.00,72.00,68.00
04-Sep-26 2:00:00 AM EDT,0.00,41.70,25.00,0.00,58.70,72.20,72.00,68.00
04-Sep-26 3:00:00 AM EDT,0.00,43.70,28.30,0.00,57.70,72.10,72.00,68.00
04-Sep-26 4:00:00 AM EDT,0.00,40.60,12.40,0.00,57.40,72.00,72.00,68.00
04-Sep-26 5:00:00 AM EDT,0.00,20.00,0.00,0.00,72.30,71.70,72.00,68.00
04-Sep-26 6:00:00 AM EDT,0.00,20.00,0.00,0.00,72.50,71.90,72.00,68.00
04-Sep-26 7:00:00 AM EDT,0.00,28.00,15.80,0.00,72.90,72.10,72.00,68.00
04-Sep-26 8:00:00 AM EDT,0.00,100.00,100.00,0.00,52.40,73.30,72.00,68.00
04-Sep-26 9:00:00 AM EDT,0.00,100.00,100.00,0.00,52.90,74.80,72.00,68.00
04-Sep-26 10:00:00 AM EDT,0.00,100.00,100.00,0.00,52.80,75.80,72.00,68.00
04-Sep-26 11:00:00 AM EDT,0.00,100.00,100.00,0.00,52.60,75.60,72.00,68.00
04-Sep-26 12:00:00 PM EDT,0.00,100.00,100.00,0.00,51.90,74.50,72.00,68.00
04-Sep-26 1:00:00 PM EDT,0.00,100.00,100.00,0.00,51.50,73.50,72.00,68.00
04-Sep-26 2:00:00 PM EDT,0.00,100.00,100.00,0.00,51.30,73.00,72.00,68.00
04-Sep-26 3:00:00 PM EDT,0.00,100.00,100.00,0.00,51.40,72.80,72.00,68.00
04-Sep-26 4:00:00 PM EDT,0.00,100.00,100.00,0.00,51.40,72.20,72.00,68.00
04-Sep-26 5:00:00 PM EDT,0.00,65.50,45.70,0.00,52.20,71.50,72.00,68.00
04-Sep-26 6:00:00 PM EDT,0.00,20.00,0.00,0.00,70.20,71.20,72.00,68.00
04-Sep-26 7:00:00 PM EDT,0.00,20.00,0.00,0.00,72.80,71.50,72.00,68.00
04-Sep-26 8:00:00 PM EDT,0.00,23.30,10.70,0.00,73.40,72.10,72.00,68.00
04-Sep-26 9:00:00 PM EDT,0.00,56.20,47.00,0.00,52.80,72.30,72.00,68.00
04-Sep-26 10:00:00 PM EDT,0.00,53.20,42.90,0.00,53.30,71.90,72.00,68.00
04-Sep-26 11:00:00 PM EDT,0.00,28.60,6.80,0.00,71.50,71.70,72.00,68.00
05-Sep-26 12:00:00 AM EDT,0.00,20.00,0.00,0.00,72.50,71.70,72.00,68.00
05-Sep-26 1:00:00 AM EDT,0.00,20.00,0.00,0.00,72.60,71.80,72.00,68.00
05-Sep-26 2:00:00 AM EDT,0.00,20.00,0.00,0.00,72.80,71.90,72.00,68.00
05-Sep-26 3:00:00 AM EDT,0.00,20.00,0.00,0.00,72.70,71.90,72.00,68.00
05-Sep-26 4:00:00 AM EDT,0.00,20.00,0.00,0.00,72.80,72.00,72.00,68.00
05-Sep-26 5:00:00 AM EDT,0.00,20.40,0.00,0.00,72.80,72.00,72.00,68.00
05-Sep-26 6:00:00 AM EDT,0.00,22.40,3.80,0.00,72.70,72.00,72.00,68.00
05-Sep-26 7:00:00 AM EDT,0.00,30.80,17.40,0.00,72.90,72.10,72.00,68.00
05-Sep-26 8:00:00 AM EDT,0.00,100.00,100.00,0.00,57.60,73.40,72.00,68.00
05-Sep-26 9:00:00 AM EDT,0.00,100.00,100.00,0.00,52.80,75.00,72.00,68.00
05-Sep-26 10:00:00 AM EDT,0.00,100.00,100.00,0.00,52.40,75.90,72.00,68.00
05-Sep-26 11:00:00 AM EDT,0.00,100.00,100.00,0.00,51.90,75.60,72.00,68.00
05-Sep-26 12:00:00 PM EDT,0.00,100.00,100.00,0.00,50.90,74.40,72.00,68.00
05-Sep-26 1:00:00 PM EDT,0.00,100.00,100.00,0.00,50.70,73.30,72.00,68.00
05-Sep-26 2:00:00 PM EDT,0.00,100.00,100.00,0.00,50.40,72.50,72.00,68.00
05-Sep-26 3:00:00 PM EDT,0.00,78.50,64.70,0.00,50.40,71.60,72.00,68.00
05-Sep-26 4:00:00 PM EDT,0.00,20.00,0.00,0.00,70.20,71.30,72.00,68.00
05-Sep-26 5:00:00 PM EDT,0.00,20.00,0.00,0.00,72.50,71.50,72.00,68.00
05-Sep-26 6:00:00 PM EDT,0.00,20.00,0.00,0.00,73.10,72.00,72.00,68.00
05-Sep-26 7:00:00 PM EDT,0.00,34.50,21.70,0.00,73.10,72.20,72.00,68.00
05-Sep-26 8:00:00 PM EDT,0.00,50.10,36.10,0.00,53.00,72.10,72.00,68.00
05-Sep-26 9:00:00 PM EDT,0.00,40.70,28.10,0.00,64.80,71.90,72.00,68.00
05-Sep-26 10:00:00 PM EDT,0.00,28.20,5.80,0.00,72.10,71.80,72.00,68.00
05-Sep-26 11:00:00 PM EDT,0.00,42.40,36.40,0.00,65.90,72.30,72.00,68.00
06-Sep-26 12:00:00 AM EDT,0.00,100.00,100.00,0.00,54.30,73.00,72.00,68.00
06-Sep-26 1:00:00 AM EDT,0.00,100.00,100.00,0.00,54.00,73.30,72.00,68.00
06-Sep-26 2:00:00 AM EDT,0.00,100.00,100.00,0.00,53.90,73.30,72.00,68.00
06-Sep-26 3:00:00 AM EDT,0.00,100.00,100.00,0.00,54.40,73.10,72.00,68.00
06-Sep-26 4:00:00 AM EDT,0.00,100.00,100.00,0.00,54.40,72.90,72.00,68.00
06-Sep-26 5:00:00 AM EDT,0.00,82.10,54.00,0.00,50.90,71.60,72.00,68.00
06-Sep-26 6:00:00 AM EDT,0.00,20.00,0.00,0.00,68.80,70.70,72.00,68.00
06-Sep-26 7:00:00 AM EDT,0.00,20.00,0.00,0.00,71.20,71.00,72.00,68.00
06-Sep-26 8:00:00 AM EDT,0.00,56.80,63.40,0.00,57.90,72.70,72.00,68.00
06-Sep-26 9:00:00 AM EDT,0.00,100.00,100.00,0.00,55.90,74.30,72.00,68.00
06-Sep-26 10:00:00 AM EDT,0.00,100.00,100.00,0.00,52.80,74.50,72.00,68.00
06-Sep-26 11:00:00 AM EDT,0.00,100.00,100.00,0.00,51.20,73.80,72.00,68.00
06-Sep-26 12:00:00 PM EDT,0.00,100.00,100.00,0.00,50.80,73.00,72.00,68.00
06-Sep-26 1:00:00 PM EDT,0.00,100.00,100.00,0.00,50.80,72.10,72.00,68.00
06-Sep-26 2:00:00 PM EDT,0.00,61.70,41.10,0.00,51.60,71.50,72.00,68.00
06-Sep-26 3:00:00 PM EDT,0.00,20.00,0.00,0.00,70.60,71.30,72.00,68.00
06-Sep-26 4:00:00 PM EDT,0.00,20.00,0.00,0.00,72.60,71.90,72.00,68.00
06-Sep-26 5:00:00 PM EDT,0.00,31.20,16.70,0.00,72.80,72.20,72.00,68.00
06-Sep-26 6:00:00 PM EDT,0.00,40.90,21.60,0.00,59.40,72.00,72.00,68.00
06-Sep-26 7:00:00 PM EDT,0.00,43.50,32.60,0.00,59.00,72.00,72.00,68.00
06-Sep-26 8:00:00 PM EDT,0.00,42.10,27.40,0.00,59.10,72.00,72.00,68.00
06-Sep-26 9:00:00 PM EDT,0.00,35.90,20.80,0.00,71.00,71.90,72.00,68.00
06-Sep-26 10:00:00 PM EDT,0.00,38.40,21.50,0.00,66.40,72.00,72.00,68.00
06-Sep-26 11:00:00 PM EDT,0.00,30.60,13.20,0.00,71.90,71.90,72.00,68.00
07-Sep-26 12:00:00 AM EDT,0.00,33.90,16.70,0.00,72.30,72.00,72.00,68.00
07-Sep-26 1:00:00 AM EDT,0.00,32.00,10.20,0.00,72.30,71.90,72.00,68.00
07-Sep-26 2:00:00 AM EDT,0.00,38.00,24.30,0.00,71.80,72.10,72.00,68.00
07-Sep-26 3:00:00 AM EDT,0.00,44.50,30.10,0.00,54.50,72.10,72.00,68.00
07-Sep-26 4:00:00 AM EDT,0.00,34.20,17.50,0.00,70.80,71.90,72.00,68.00
07-Sep-26 5:00:00 AM EDT,0.00,30.20,12.30,0.00,71.90,72.00,72.00,68.00
07-Sep-26 6:00:00 AM EDT,0.00,24.00,4.80,0.00,72.00,72.00,72.00,68.00
07-Sep-26 7:00:00 AM EDT,0.00,20.20,1.70,0.00,72.10,72.00,72.00,68.00
07-Sep-26 8:00:00 AM EDT,0.00,100.00,100.00,0.00,52.40,73.50,72.00,68.00
07-Sep-26 9:00:00 AM EDT,0.00,100.00,100.00,0.00,53.60,75.30,72.00,68.00
07-Sep-26 10:00:00 AM EDT,0.00,100.00,100.00,0.00,53.40,76.30,72.00,68.00
07-Sep-26 11:00:00 AM EDT,0.00,100.00,100.00,0.00,53.00,76.10,72.00,68.00
07-Sep-26 12:00:00 PM EDT,0.00,100.00,100.00,0.00,52.10,75.00,72.00,68.00
07-Sep-26 1:00:00 PM EDT,0.00,100.00,100.00,0.00,51.00,73.40,72.00,68.00
07-Sep-26 2:00:00 PM EDT,0.00,100.00,100.00,0.00,50.80,72.40,72.00,68.00
07-Sep-26 3:00:00 PM EDT,0.00,57.30,37.00,0.00,53.50,71.40,72.00,68.00
07-Sep-26 4:00:00 PM EDT,0.00,20.00,0.00,0.00,71.70,71.10,72.00,68.00
07-Sep-26 5:00:00 PM EDT,0.00,20.00,0.00,0.00,72.40,71.10,72.00,68.00
07-Sep-26 6:00:00 PM EDT,0.00,20.00,0.00,0.00,72.70,71.30,72.00,68.00
07-Sep-26 7:00:00 PM EDT,0.00,20.00,0.00,0.00,73.10,71.60,72.00,68.00
07-Sep-26 8:00:00 PM EDT,0.00,48.90,45.50,0.00,57.70,72.50,72.00,68.00
07-Sep-26 9:00:00 PM EDT,0.00,86.80,84.70,0.00,50.30,72.40,72.00,68.00
07-Sep-26 10:00:00 PM EDT,0.00,72.10,65.20,0.00,52.80,71.90,72.00,68.00
07-Sep-26 11:00:00 PM EDT,0.00,25.70,4.00,0.00,71.00,71.50,72.00,68.00
08-Sep-26 12:00:00 AM EDT,0.00,20.00,0.00,0.00,72.00,71.40,72.00,68.00
08-Sep-26 1:00:00 AM EDT,0.00,20.00,0.00,0.00,72.30,71.60,72.00,68.00
08-Sep-26 2:00:00 AM EDT,0.00,20.00,0.00,0.00,72.20,71.60,72.00,68.00
08-Sep-26 3:00:00 AM EDT,0.00,20.00,0.00,0.00,72.40,71.80,72.00,68.00
08-Sep-26 4:00:00 AM EDT,0.00,20.00,0.00,0.00,72.30,71.80,72.00,68.00
08-Sep-26 5:00:00 AM EDT,0.00,20.00,0.00,0.00,72.30,71.80,72.00,68.00
08-Sep-26 6:00:00 AM EDT,0.00,20.00,0.00,0.00,72.30,71.80,72.00,68.00
08-Sep-26 7:00:00 AM EDT,0.00,20.00,0.00,0.00,72.40,71.90,72.00,68.00
08-Sep-26 8:00:00 AM EDT,0.00,98.40,100.00,0.00,53.10,73.10,72.00,68.00
08-Sep-26 9:00:00 AM EDT,0.00,100.00,100.00,0.00,52.60,74.90,72.00,68.00
08-Sep-26 10:00:00 AM EDT,0.00,100.00,100.00,0.00,52.60,75.50,72.00,68.00
08-Sep-26 11:00:00 AM EDT,0.00,100.00,100.00,0.00,52.50,75.00,72.00,68.00
08-Sep-26 12:00:00 PM EDT,0.00,100.00,100.00,0.00,51.60,73.90,72.00,68.00
08-Sep-26 1:00:00 PM EDT,0.00,100.00,100.00,0.00,51.30,72.80,72.00,68.00
08-Sep-26 2:00:00 PM EDT,0.00,100.00,100.00,0.00,51.10,72.30,72.00,68.00
08-Sep-26 3:00:00 PM EDT,0.00,100.00,100.00,0.00,51.90,72.70,72.00,68.00
08-Sep-26 4:00:00 PM EDT,0.00,100.00,100.00,0.00,52.40,73.90,72.00,68.00
08-Sep-26 5:00:00 PM EDT,0.00,100.00,100.00,0.00,51.10,72.20,72.00,68.00
08-Sep-26 6:00:00 PM EDT,0.00,51.10,26.70,0.00,54.60,71.30,72.00,68.00
08-Sep-26 7:00:00 PM EDT,0.00,20.00,0.00,0.00,72.20,71.60,72.00,68.00
08-Sep-26 8:00:00 PM EDT,0.00,20.00,0.00,0.00,73.00,71.90,72.00,68.00
08-Sep-26 9:00:00 PM EDT,0.00,33.90,23.60,0.00,73.30,72.20,72.00,68.00
08-Sep-26 10:00:00 PM EDT,0.00,48.60,38.90,0.00,54.80,72.20,72.00,68.00
08-Sep-26 11:00:00 PM EDT,0.00,37.60,23.90,0.00,69.30,71.90,72.00,68.00
09-Sep-26 12:00:00 AM EDT,0.00,20.00,0.00,0.00,72.70,71.80,72.00,68.00
09-Sep-26 1:00:00 AM EDT,0.00,20.00,0.00,0.00,72.70,71.70,72.00,68.00
09-Sep-26 2:00:00 AM EDT,0.00,20.00,0.00,0.00,72.80,71.70,72.00,68.00
09-Sep-26 3:00:00 AM EDT,0.00,20.00,0.00,0.00,72.80,71.70,72.00,68.00
09-Sep-26 4:00:00 AM EDT,0.00,20.00,0.00,0.00,72.80,71.80,72.00,68.00
09-Sep-26 5:00:00 AM EDT,0.00,20.00,0.00,0.00,72.80,71.70,72.00,68.00
09-Sep-26 6:00:00 AM EDT,0.00,20.00,0.00,0.00,72.60,71.60,72.00,68.00
09-Sep-26 7:00:00 AM EDT,0.00,20.00,0.00,0.00,72.80,71.80,72.00,68.00
09-Sep-26 8:00:00 AM EDT,0.00,65.30,64.00,0.00,52.80,72.70,72.00,68.00
09-Sep-26 9:00:00 AM EDT,0.00,100.00,100.00,0.00,52.00,73.40,72.00,68.00
09-Sep-26 10:00:00 AM EDT,0.00,100.00,100.00,0.00,52.80,74.10,72.00,68.00
09-Sep-26 11:00:00 AM EDT,0.00,100.00,100.00,0.00,52.50,73.80,72.00,68.00
09-Sep-26 12:00:00 PM EDT,0.00,100.00,100.00,0.00,52.30,73.30,72.00,68.00
09-Sep-26 1:00:00 PM EDT,0.00,100.00,100.00,0.00,51.50,72.50,72.00,68.00
09-Sep-26 2:00:00 PM EDT,0.00,100.00,100.00,0.00,51.60,72.50,72.00,68.00
09-Sep-26 3:00:00 PM EDT,0.00,100.00,100.00,0.00,51.60,72.20,72.00,68.00
09-Sep-26 4:00:00 PM EDT,0.00,100.00,100.00,0.00,51.60,72.20,72.00,68.00
09-Sep-26 5:00:00 PM EDT,0.00,99.40,95.60,0.00,51.00,72.00,72.00,68.00
09-Sep-26 6:00:00 PM EDT,0.00,82.20,69.60,0.00,50.60,71.80,72.00,68.00
09-Sep-26 7:00:00 PM EDT,0.00,62.60,46.00,0.00,51.30,71.70,72.00,68.00
09-Sep-26 8:00:00 PM EDT,0.00,33.20,9.60,0.00,66.00,71.70,72.00,68.00
09-Sep-26 9:00:00 PM EDT,0.00,20.00,0.00,0.00,72.00,71.90,72.00,68.00
09-Sep-26 10:00:00 PM EDT,0.00,21.50,2.00,0.00,72.50,72.00,72.00,68.00
09-Sep-26 11:00:00 PM EDT,0.00,39.00,26.80,0.00,70.00,72.20,72.00,68.00
10-Sep-26 12:00:00 AM EDT,0.00,48.90,35.00,0.00,53.00,72.10,72.00,68.00
10-Sep-26 1:00:00 AM EDT,0.00,42.50,28.40,0.00,59.70,71.90,72.00,68.00
10-Sep-26 2:00:00 AM EDT,0.00,28.60,10.80,0.00,71.90,71.90,72.00,68.00
10-Sep-26 3:00:00 AM EDT,0.00,27.30,13.90,0.00,72.40,72.00,72.00,68.00
10-Sep-26 4:00:00 AM EDT,0.00,39.40,28.10,0.00,69.60,72.20,72.00,68.00
10-Sep-26 5:00:00 AM EDT,0.00,48.40,36.60,0.00,53.30,72.10,72.00,68.00
10-Sep-26 6:00:00 AM EDT,0.00,41.10,27.90,0.00,61.30,71.90,72.00,68.00
10-Sep-26 7:00:00 AM EDT,0.00,31.10,13.80,0.00,71.90,71.90,72.00,68.00
10-Sep-26 8:00:00 AM EDT,0.00,32.20,20.20,0.00,72.30,72.00,72.00,68.00
10-Sep-26 9:00:00 AM EDT,0.00,69.60,70.70,0.00,50.90,72.40,72.00,68.00
10-Sep-26 10:00:00 AM EDT,0.00,100.00,100.00,0.00,51.60,72.60,72.00,68.00
10-Sep-26 11:00:00 AM EDT,0.00,100.00,100.00,0.00,51.70,73.10,72.00,68.00
10-Sep-26 12:00:00 PM EDT,0.00,100.00,100.00,0.00,51.50,72.90,72.00,68.00
10-Sep-26 1:00:00 PM EDT,0.00,100.00,100.00,0.00,51.50,72.80,72.00,68.00
10-Sep-26 2:00:00 PM EDT,0.00,100.00,100.00,0.00,51.30,72.50,72.00,68.00
10-Sep-26 3:00:00 PM EDT,0.00,100.00,100.00,0.00,51.40,72.20,72.00,68.00
10-Sep-26 4:00:00 PM EDT,0.00,90.40,88.80,0.00,51.40,71.90,72.00,68.00
10-Sep-26 5:00:00 PM EDT,0.00,54.40,34.30,0.00,53.30,71.50,72.00,68.00
10-Sep-26 6:00:00 PM EDT,0.00,20.00,0.00,0.00,70.20,71.40,72.00,68.00
10-Sep-26 7:00:00 PM EDT,0.00,20.00,0.00,0.00,72.80,71.90,72.00,68.00
10-Sep-26 8:00:00 PM EDT,0.00,46.10,44.10,0.00,62.50,72.40,72.00,68.00
10-Sep-26 9:00:00 PM EDT,0.00,100.00,100.00,0.00,52.00,73.40,72.00,68.00
10-Sep-26 10:00:00 PM EDT,0.00,100.00,100.00,0.00,50.70,72.20,72.00,68.00
10-Sep-26 11:00:00 PM EDT,0.00,79.50,65.90,0.00,50.60,71.70,72.00,68.00
11-Sep-26 12:00:00 AM EDT,0.00,29.80,9.70,0.00,65.60,71.50,72.00,68.00
11-Sep-26 1:00:00 AM EDT,0.00,20.00,0.00,0.00,71.20,71.30,72.00,68.00
11-Sep-26 2:00:00 AM EDT,0.00,20.00,0.00,0.00,72.10,71.60,72.00,68.00
11-Sep-26 3:00:00 AM EDT,0.00,20.00,0.00,0.00,72.50,71.90,72.00,68.00
11-Sep-26 4:00:00 AM EDT,0.00,26.20,10.70,0.00,72.60,72.10,72.00,68.00
11-Sep-26 5:00:00 AM EDT,0.00,39.70,30.70,0.00,71.90,72.20,72.00,68.00
11-Sep-26 6:00:00 AM EDT,0.00,53.80,43.60,0.00,51.40,72.10,72.00,68.00
11-Sep-26 7:00:00 AM EDT,0.00,43.80,28.20,0.00,55.00,71.90,72.00,68.00
11-Sep-26 8:00:00 AM EDT,0.00,30.30,15.60,0.00,71.90,71.90,72.00,68.00
11-Sep-26 9:00:00 AM EDT,0.00,55.20,45.80,0.00,50.50,72.20,72.00,68.00
11-Sep-26 10:00:00 AM EDT,0.00,80.60,85.00,0.00,49.00,72.40,72.00,68.00
11-Sep-26 11:00:00 AM EDT,0.00,100.00,100.00,0.00,48.90,72.50,72.00,68.00
11-Sep-26 12:00:00 PM EDT,0.00,100.00,100.00,0.00,53.50,73.20,72.00,68.00
11-Sep-26 1:00:00 PM EDT,0.00,100.00,100.00,0.00,50.80,73.20,72.00,68.00
11-Sep-26 2:00:00 PM EDT,0.00,100.00,100.00,0.00,50.20,73.00,72.00,68.00
11-Sep-26 3:00:00 PM EDT,0.00,100.00,100.00,0.00,50.70,72.90,72.00,68.00
11-Sep-26 4:00:00 PM EDT,0.00,100.00,100.00,0.00,50.70,72.60,72.00,68.00
11-Sep-26 5:00:00 PM EDT,0.00,100.00,100.00,0.00,50.50,72.20,72.00,68.00
11-Sep-26 6:00:00 PM EDT,0.00,66.70,44.90,0.00,51.60,71.50,72.00,68.00
11-Sep-26 7:00:00 PM EDT,0.00,23.60,0.50,0.00,71.10,71.60,72.00,68.00
11-Sep-26 8:00:00 PM EDT,0.00,20.00,0.00,0.00,72.60,71.90,72.00,68.00
11-Sep-26 9:00:00 PM EDT,0.00,53.20,45.40,0.00,53.40,72.40,72.00,68.00
11-Sep-26 10:00:00 PM EDT,0.00,90.60,89.70,0.00,49.30,72.40,72.00,68.00
11-Sep-26 11:00:00 PM EDT,0.00,100.00,100.00,0.00,51.80,72.20,72.00,68.00
12-Sep-26 12:00:00 AM EDT,0.00,92.70,85.20,0.00,52.90,71.90,72.00,68.00
12-Sep-26 1:00:00 AM EDT,0.00,73.20,62.90,0.00,52.90,71.80,72.00,68.00
12-Sep-26 2:00:00 AM EDT,0.00,46.10,27.00,0.00,56.50,71.70,72.00,68.00
12-Sep-26 3:00:00 AM EDT,0.00,28.40,4.20,0.00,71.30,71.80,72.00,68.00
12-Sep-26 4:00:00 AM EDT,0.00,36.90,17.80,0.00,69.00,72.10,72.00,68.00
12-Sep-26 5:00:00 AM EDT,0.00,51.40,35.10,0.00,55.90,72.10,72.00,68.00
12-Sep-26 6:00:00 AM EDT,0.00,67.60,55.90,0.00,54.30,72.20,72.00,68.00
12-Sep-26 7:00:00 AM EDT,0.00,69.20,57.80,0.00,54.50,72.00,72.00,68.00
12-Sep-26 8:00:00 AM EDT,0.00,100.00,100.00,0.00,55.60,72.70,72.00,68.00
12-Sep-26 9:00:00 AM EDT,0.00,100.00,100.00,0.00,57.00,74.70,72.00,68.00
12-Sep-26 10:00:00 AM EDT,0.00,100.00,100.00,0.00,52.80,75.90,72.00,68.00
12-Sep-26 11:00:00 AM EDT,0.00,100.00,100.00,0.00,52.40,75.80,72.00,68.00
12-Sep-26 12:00:00 PM EDT,0.00,100.00,100.00,0.00,51.70,75.00,72.00,68.00
12-Sep-26 1:00:00 PM EDT,0.00,100.00,100.00,0.00,51.60,74.30,72.00,68.00
12-Sep-26 2:00:00 PM EDT,0.00,100.00,100.00,0.00,51.20,73.60,72.00,68.00
12-Sep-26 3:00:00 PM EDT,0.00,100.00,100.00,0.00,51.20,73.10,72.00,68.00
12-Sep-26 4:00:00 PM EDT,0.00,100.00,100.00,0.00,51.10,72.70,72.00,68.00
12-Sep-26 5:00:00 PM EDT,0.00,100.00,100.00,0.00,51.00,72.30,72.00,68.00
12-Sep-26 6:00:00 PM EDT,0.00,100.00,100.00,0.00,51.00,72.10,72.00,68.00
12-Sep-26 7:00:00 PM EDT,0.00,98.40,96.00,0.00,50.60,72.00,72.00,68.00
12-Sep-26 8:00:00 PM EDT,0.00,96.60,93.80,0.00,50.30,72.00,72.00,68.00
12-Sep-26 9:00:00 PM EDT,0.00,86.00,78.50,0.00,50.10,71.90,72.00,68.00
12-Sep-26 10:00:00 PM EDT,0.00,74.20,65.00,0.00,50.50,71.90,72.00,68.00
12-Sep-26 11:00:00 PM EDT,0.00,60.50,44.80,0.00,52.30,71.80,72.00,68.00
13-Sep-26 12:00:00 AM EDT,0.00,54.10,36.80,0.00,52.20,71.90,72.00,68.00
13-Sep-26 1:00:00 AM EDT,0.00,57.50,47.70,0.00,52.00,72.10,72.00,68.00
13-Sep-26 2:00:00 AM EDT,0.00,61.00,51.30,0.00,51.70,72.10,72.00,68.00
13-Sep-26 3:00:00 AM EDT,0.00,67.70,63.10,0.00,51.10,72.10,72.00,68.00
13-Sep-26 4:00:00 AM EDT,0.00,72.60,66.80,0.00,51.20,72.10,72.00,68.00
13-Sep-26 5:00:00 AM EDT,0.00,77.30,75.70,0.00,51.30,72.10,72.00,68.00
13-Sep-26 6:00:00 AM EDT,0.00,80.70,76.50,0.00,51.00,72.10,72.00,68.00
13-Sep-26 7:00:00 AM EDT,0.00,78.50,75.10,0.00,50.90,72.00,72.00,68.00
13-Sep-26 8:00:00 AM EDT,0.00,74.50,67.00,0.00,50.90,71.90,72.00,68.00
13-Sep-26 9:00:00 AM EDT,0.00,65.20,54.00,0.00,51.10,71.90,72.00,68.00
13-Sep-26 10:00:00 AM EDT,0.00,62.60,51.60,0.00,51.30,72.00,72.00,68.00
13-Sep-26 11:00:00 AM EDT,0.00,67.10,59.70,0.00,51.20,72.10,72.00,68.00
13-Sep-26 12:00:00 PM EDT,0.00,75.80,68.20,0.00,50.90,72.10,72.00,68.00
13-Sep-26 1:00:00 PM EDT,0.00,92.70,93.20,0.00,51.30,72.20,72.00,68.00
13-Sep-26 2:00:00 PM EDT,0.00,100.00,100.00,0.00,51.40,72.20,72.00,68.00
13-Sep-26 3:00:00 PM EDT,0.00,100.00,100.00,0.00,51.30,72.10,72.00,68.00
13-Sep-26 4:00:00 PM EDT,0.00,81.80,73.10,0.00,51.20,71.80,72.00,68.00
13-Sep-26 5:00:00 PM EDT,0.00,57.20,49.80,0.00,52.90,71.80,72.00,68.00
13-Sep-26 6:00:00 PM EDT,0.00,51.60,40.70,0.00,53.80,71.90,72.00,68.00
13-Sep-26 7:00:00 PM EDT,0.00,58.90,51.10,0.00,52.30,72.10,72.00,68.00
13-Sep-26 8:00:00 PM EDT,0.00,75.00,69.00,0.00,51.20,72.20,72.00,68.00
13-Sep-26 9:00:00 PM EDT,0.00,82.80,76.80,0.00,51.00,72.10,72.00,68.00
13-Sep-26 10:00:00 PM EDT,0.00,91.90,90.30,0.00,51.00,72.10,72.00,68.00
13-Sep-26 11:00:00 PM EDT,0.00,92.00,86.30,0.00,51.00,72.00,72.00,68.00
14-Sep-26 12:00:00 AM EDT,0.00,82.30,71.60,0.00,50.80,71.90,72.00,68.00
14-Sep-26 1:00:00 AM EDT,0.00,70.00,60.90,0.00,50.70,71.90,72.00,68.00
14-Sep-26 2:00:00 AM EDT,0.00,52.30,33.40,0.00,52.30,71.80,72.00,68.00
14-Sep-26 3:00:00 AM EDT,0.00,42.00,26.60,0.00,57.20,71.90,72.00,68.00
14-Sep-26 4:00:00 AM EDT,0.00,45.60,32.80,0.00,55.60,72.10,72.00,68.00
14-Sep-26 5:00:00 AM EDT,0.00,60.70,55.50,0.00,51.30,72.20,72.00,68.00
14-Sep-26 6:00:00 AM EDT,0.00,75.20,72.40,0.00,50.60,72.20,72.00,68.00
14-Sep-26 7:00:00 AM EDT,0.00,78.80,73.90,0.00,50.20,72.00,72.00,68.00
14-Sep-26 8:00:00 AM EDT,0.00,79.70,75.40,0.00,52.70,72.00,72.00,68.00
14-Sep-26 9:00:00 AM EDT,0.00,100.00,100.00,0.00,55.70,73.30,72.00,68.00
14-Sep-26 10:00:00 AM EDT,0.00,100.00,100.00,0.00,56.70,74.70,72.00,68.00
14-Sep-26 11:00:00 AM EDT,0.00,100.00,100.00,0.00,52.30,75.20,72.00,68.00
14-Sep-26 12:00:00 PM EDT,0.00,100.00,100.00,0.00,50.80,74.70,72.00,68.00
14-Sep-26 1:00:00 PM EDT,0.00,100.00,100.00,0.00,50.60,74.30,72.00,68.00
14-Sep-26 2:00:00 PM EDT,0.00,100.00,100.00,0.00,51.30,73.70,72.00,68.00
14-Sep-26 3:00:00 PM EDT,0.00,100.00,100.00,0.00,51.40,73.30,72.00,68.00
14-Sep-26 4:00:00 PM EDT,0.00,100.00,100.00,0.00,51.70,73.30,72.00,68.00
14-Sep-26 5:00:00 PM EDT,0.00,100.00,100.00,0.00,52.30,72.80,72.00,68.00
14-Sep-26 6:00:00 PM EDT,0.00,100.00,100.00,0.00,52.70,72.00,72.00,68.00
14-Sep-26 7:00:00 PM EDT,0.00,82.50,77.90,0.00,52.50,71.80,72.00,68.00
14-Sep-26 8:00:00 PM EDT,0.00,71.40,62.60,0.00,51.20,71.90,72.00,68.00
14-Sep-26 9:00:00 PM EDT,0.00,67.10,58.50,0.00,51.10,72.00,72.00,68.00
14-Sep-26 10:00:00 PM EDT,0.00,70.10,63.40,0.00,51.00,72.10,72.00,68.00
14-Sep-26 11:00:00 PM EDT,0.00,71.30,64.30,0.00,50.50,72.00,72.00,68.00
