Timestamp,AC-5-32_MAD-O (%),AC-5-32_HUM-O (%),AC-5-32_MA-T (°F),AC-5-32_SF-C,AC-5-32_PH1-O (%),AC-5-32_PH2-O (%),AC-5-32_PH1-T (°F),AC-5-32_PH2-T (°F),AC-5-32_AVG-PHT (°F),AC-5-32_CC-T (°F),AC-5-32_CLG-O (%),AC-5-32_RH1-O (%),AC-5-32_RH2-O (%),AC-5-32_RH-DA-T-N (°F),AC-5-32_RH-DA-T-S (°F),AC-5-32_RA-T-N (°F),AC-5-32_RA-T-S (°F),AC-5-32_RA-T (°F),AC-5-32_RA-H (%RH),AC-5-32_RF-C,AC-5-32/EAD-S,AC-5-32_RAD-S,AC-5-32_EFF-OA-T (°F)
25-Aug-26 12:00:00 AM EDT,0.00,0.00,74.10,0.00,88.20,88.20,90.50,97.80,94.13,54.60,0.00,67.10,28.40,70.20,68.80,73.10,73.10,75.40,42.70,0.00,0.00,0.00,76.46
25-Aug-26 1:00:00 AM EDT,0.00,0.00,73.60,0.00,93.10,93.10,90.90,96.90,93.87,54.40,0.00,67.50,29.60,69.80,68.40,72.90,72.90,75.30,42.90,0.00,0.00,0.00,75.60
25-Aug-26 2:00:00 AM EDT,0.00,0.00,73.50,0.00,100.00,100.00,92.00,97.10,94.53,54.50,0.00,72.20,27.90,71.10,69.20,73.00,73.10,75.40,42.70,0.00,0.00,0.00,75.18
25-Aug-26 3:00:00 AM EDT,0.00,0.00,73.30,0.00,100.00,100.00,92.10,96.90,94.47,54.20,0.00,73.40,30.10,71.40,68.40,73.00,72.90,75.30,42.30,0.00,0.00,0.00,74.58
25-Aug-26 4:00:00 AM EDT,0.00,0.00,72.90,0.00,100.00,100.00,91.50,96.40,93.94,53.90,0.00,74.30,30.40,71.70,68.60,73.00,73.00,75.30,42.00,0.00,0.00,0.00,74.14
25-Aug-26 5:00:00 AM EDT,0.00,0.00,72.80,0.00,100.00,100.00,90.90,96.00,93.48,53.60,0.00,74.80,29.40,71.70,68.90,73.00,73.10,75.30,41.90,0.00,0.00,0.00,72.96
25-Aug-26 6:00:00 AM EDT,0.00,0.00,72.40,0.00,100.00,100.00,90.60,95.80,93.18,53.30,0.00,76.00,30.50,72.20,68.50,73.00,73.00,75.30,41.70,0.00,0.00,0.00,72.02
25-Aug-26 7:00:00 AM EDT,0.00,0.00,72.50,0.00,100.00,100.00,90.70,95.90,93.26,53.30,0.00,73.50,28.70,72.30,69.00,73.00,73.10,75.40,41.70,0.00,0.00,0.00,72.33
25-Aug-26 8:00:00 AM EDT,0.00,0.00,72.00,0.00,100.00,100.00,90.00,95.40,92.72,53.40,0.00,69.20,28.40,73.00,68.80,73.10,73.00,75.40,41.80,0.00,0.00,0.00,71.72
25-Aug-26 9:00:00 AM EDT,0.00,0.00,73.40,0.00,100.00,100.00,91.80,96.80,94.31,54.20,0.00,82.80,26.40,74.10,68.30,72.80,73.00,75.20,42.60,0.00,0.00,0.00,76.11
25-Aug-26 10:00:00 AM EDT,0.00,0.00,73.80,0.00,96.90,96.90,92.20,97.30,94.72,54.80,0.00,90.20,25.30,65.60,66.60,72.40,72.90,75.20,43.70,0.00,0.00,0.00,74.77
25-Aug-26 11:00:00 AM EDT,0.00,0.00,73.30,0.00,83.00,83.00,88.90,96.90,92.86,54.80,0.00,46.70,20.20,72.40,65.50,73.50,73.10,75.50,43.90,0.00,0.00,0.00,74.42
25-Aug-26 12:00:00 PM EDT,0.00,0.00,73.40,0.00,78.60,78.60,87.90,96.90,92.37,54.80,0.00,64.60,17.10,68.00,64.60,73.10,73.10,75.40,44.40,0.00,0.00,0.00,74.96
25-Aug-26 1:00:00 PM EDT,0.00,0.00,73.80,0.00,71.30,71.30,86.50,95.30,90.87,54.70,0.00,75.30,21.20,65.70,64.20,72.70,72.90,75.20,45.00,0.00,0.00,0.00,76.33
25-Aug-26 2:00:00 PM EDT,0.00,0.00,74.50,0.00,69.10,69.10,86.40,95.50,90.93,54.80,0.00,74.80,25.60,65.50,64.30,72.70,72.90,75.20,45.20,0.00,0.00,0.00,78.39
25-Aug-26 3:00:00 PM EDT,0.00,0.00,75.30,0.00,66.40,66.40,85.90,95.40,90.65,54.60,0.00,59.30,26.50,65.70,65.20,73.00,73.00,75.40,44.80,0.00,0.00,0.00,79.59
25-Aug-26 4:00:00 PM EDT,0.00,0.00,75.70,0.00,69.40,69.40,87.40,95.80,91.59,54.90,0.00,68.30,22.40,73.70,65.80,73.40,73.10,75.30,44.60,0.00,0.00,0.00,78.87
25-Aug-26 5:00:00 PM EDT,0.00,0.00,75.20,0.00,71.90,71.90,87.80,95.30,91.54,54.80,0.00,66.00,17.30,67.90,64.60,73.10,73.00,75.30,44.80,0.00,0.00,0.00,79.45
25-Aug-26 6:00:00 PM EDT,0.00,0.00,75.80,0.00,71.80,71.80,88.50,95.90,92.17,54.70,0.00,46.70,11.40,65.40,64.00,73.10,73.10,75.40,44.80,0.00,0.00,0.00,79.90
25-Aug-26 7:00:00 PM EDT,0.00,0.00,75.80,0.00,75.70,75.70,89.90,95.90,92.88,54.70,0.00,52.30,14.20,64.50,64.00,72.80,73.00,75.20,44.90,0.00,0.00,0.00,80.13
25-Aug-26 8:00:00 PM EDT,0.00,0.00,75.50,0.00,72.90,72.90,88.90,95.70,92.26,54.80,0.00,67.90,27.10,66.50,64.40,73.00,72.70,75.10,44.70,0.00,0.00,0.00,79.99
25-Aug-26 9:00:00 PM EDT,0.00,0.00,75.40,0.00,69.10,69.10,87.50,95.50,91.49,54.90,0.00,67.20,29.70,67.90,66.50,73.00,73.00,75.30,44.50,0.00,0.00,0.00,79.19
25-Aug-26 10:00:00 PM EDT,0.00,0.00,75.00,0.00,64.00,64.00,85.50,94.80,90.13,54.90,0.00,69.20,29.10,69.00,67.60,73.00,73.00,75.30,44.70,0.00,0.00,0.00,78.42
25-Aug-26 11:00:00 PM EDT,0.00,0.00,74.70,0.00,63.80,63.80,84.90,94.10,89.54,54.80,0.00,69.10,30.60,68.90,67.40,73.00,72.90,75.30,44.60,0.00,0.00,0.00,77.87
26-Aug-26 12:00:00 AM EDT,0.00,0.00,74.70,0.00,60.90,60.90,84.30,92.50,88.39,54.90,0.00,68.60,29.20,69.60,68.70,73.00,73.10,75.40,44.60,0.00,0.00,0.00,77.55
26-Aug-26 1:00:00 AM EDT,0.00,0.00,74.40,0.00,66.50,66.50,85.20,92.00,88.61,54.70,0.00,67.10,28.60,70.30,68.70,73.10,73.00,75.40,44.30,0.00,0.00,0.00,77.03
26-Aug-26 2:00:00 AM EDT,0.00,0.00,73.90,0.00,70.80,70.80,85.90,91.20,88.53,54.70,0.00,66.80,30.20,69.90,68.10,73.00,73.00,75.30,44.30,0.00,0.00,0.00,76.03
26-Aug-26 3:00:00 AM EDT,0.00,0.00,73.40,0.00,72.60,72.60,85.80,91.00,88.39,54.70,0.00,72.70,29.70,70.50,68.50,73.00,73.00,75.30,44.30,0.00,0.00,0.00,75.26
26-Aug-26 4:00:00 AM EDT,0.00,0.00,73.30,0.00,74.70,74.70,86.10,90.60,88.33,54.60,0.00,73.80,29.20,70.40,68.30,73.00,73.00,75.30,44.30,0.00,0.00,0.00,74.71
26-Aug-26 5:00:00 AM EDT,0.00,0.00,73.00,0.00,75.60,75.60,86.40,90.50,88.45,54.70,0.00,63.10,28.40,71.10,68.50,73.10,73.00,75.40,44.30,0.00,0.00,0.00,73.94
26-Aug-26 6:00:00 AM EDT,0.00,0.00,72.80,0.00,74.70,74.70,85.80,93.80,89.83,54.80,0.00,64.40,29.80,71.20,68.20,73.00,73.00,75.30,44.60,0.00,0.00,0.00,73.32
26-Aug-26 7:00:00 AM EDT,0.00,0.00,72.80,0.00,73.10,73.10,85.80,94.00,89.89,54.80,0.00,72.30,30.90,71.30,68.40,72.90,72.90,75.30,44.50,0.00,0.00,0.00,73.52
26-Aug-26 8:00:00 AM EDT,0.00,0.00,72.40,0.00,72.50,72.50,84.90,93.50,89.20,54.70,0.00,72.70,28.60,71.50,68.50,73.00,73.00,75.30,44.40,0.00,0.00,0.00,72.30
26-Aug-26 9:00:00 AM EDT,0.00,0.00,73.40,0.00,69.90,69.90,85.70,94.00,89.85,54.90,0.00,58.40,27.10,71.40,67.50,73.10,73.00,75.40,44.40,0.00,0.00,0.00,75.86
26-Aug-26 10:00:00 AM EDT,0.00,0.00,73.30,0.00,68.10,68.10,85.50,94.00,89.77,54.80,0.00,64.90,25.10,70.60,66.90,73.00,73.00,75.30,44.80,0.00,0.00,0.00,74.80
26-Aug-26 11:00:00 AM EDT,0.00,0.00,73.60,0.00,68.30,68.30,85.80,94.40,90.13,54.60,0.00,83.10,21.00,71.30,65.30,72.80,73.10,75.10,45.00,0.00,0.00,0.00,75.23
26-Aug-26 12:00:00 PM EDT,0.00,0.00,75.10,0.00,67.00,67.00,87.10,95.70,91.36,55.10,0.00,74.40,17.10,72.80,64.60,73.10,73.10,75.20,45.20,0.00,0.00,0.00,77.34
26-Aug-26 1:00:00 PM EDT,0.00,0.00,74.90,0.00,66.70,66.70,86.70,95.00,90.83,54.70,0.00,66.30,17.40,67.90,64.30,73.10,73.00,75.40,44.70,0.00,0.00,0.00,78.02
26-Aug-26 2:00:00 PM EDT,0.00,0.00,75.40,0.00,66.80,66.80,87.30,95.50,91.42,54.80,0.00,68.80,20.70,65.70,64.20,72.80,72.90,75.30,44.80,0.00,0.00,0.00,79.14
26-Aug-26 3:00:00 PM EDT,0.00,0.00,76.00,0.00,64.10,64.10,86.90,95.50,91.21,54.90,0.00,67.40,13.30,65.80,64.40,72.90,72.80,75.30,44.80,0.00,0.00,0.00,80.44
26-Aug-26 4:00:00 PM EDT,0.00,0.00,80.40,0.00,0.00,0.00,105.00,109.20,107.08,85.50,0.00,0.00,0.00,74.80,75.30,74.50,75.10,79.30,42.30,0.00,0.00,0.00,79.76
26-Aug-26 5:00:00 PM EDT,0.00,0.00,83.70,0.00,0.00,0.00,113.10,116.90,115.00,91.10,0.00,0.00,0.00,83.60,86.10,77.40,76.70,81.30,41.60,0.00,0.00,0.00,80.58
26-Aug-26 6:00:00 PM EDT,0.00,0.00,76.10,0.00,32.80,32.80,80.00,82.10,81.05,53.60,0.00,3.50,0.00,59.30,61.90,72.90,74.00,75.50,46.00,0.00,0.00,0.00,80.48
26-Aug-26 7:00:00 PM EDT,0.00,0.00,75.10,0.00,57.90,57.90,84.20,90.30,87.26,55.30,0.00,36.90,0.20,63.10,63.00,72.90,73.30,75.20,47.00,0.00,0.00,0.00,78.74
26-Aug-26 8:00:00 PM EDT,0.00,0.00,74.20,0.00,47.40,47.40,80.40,86.90,83.67,55.20,0.00,66.80,11.80,65.00,63.00,72.90,72.80,75.10,47.50,0.00,0.00,0.00,77.08
26-Aug-26 9:00:00 PM EDT,0.00,0.00,74.40,0.00,34.20,34.20,79.10,82.60,80.86,55.40,0.00,69.60,27.90,66.40,64.20,72.90,72.60,75.10,47.30,0.00,0.00,0.00,77.41
26-Aug-26 10:00:00 PM EDT,0.00,0.00,74.40,0.00,28.70,28.70,78.40,81.30,79.83,55.20,0.00,70.30,29.80,67.50,66.30,73.00,72.90,75.30,46.80,0.00,0.00,0.00,77.30
26-Aug-26 11:00:00 PM EDT,0.00,0.00,74.20,0.00,19.80,19.80,77.80,79.10,78.43,55.00,0.00,67.90,28.00,67.90,67.30,73.00,73.10,75.30,46.60,0.00,0.00,0.00,76.76
27-Aug-26 12:00:00 AM EDT,0.00,0.00,74.40,0.00,19.50,19.50,77.80,78.70,78.29,54.80,0.00,65.60,29.30,68.70,66.80,73.10,72.90,75.30,46.30,0.00,0.00,0.00,76.96
27-Aug-26 1:00:00 AM EDT,0.00,0.00,74.40,0.00,16.30,16.30,77.90,78.70,78.30,55.10,0.00,58.30,29.10,68.40,67.50,73.00,73.10,75.30,46.60,0.00,0.00,0.00,77.15
27-Aug-26 2:00:00 AM EDT,0.00,0.00,74.30,0.00,33.40,33.40,78.50,78.70,78.60,54.20,0.00,74.00,29.00,68.70,67.60,72.90,72.90,75.20,45.90,0.00,0.00,0.00,76.93
27-Aug-26 3:00:00 AM EDT,0.00,0.00,74.20,0.00,43.20,43.20,79.80,81.40,80.57,55.00,0.00,62.50,29.70,70.30,67.50,73.10,72.90,75.30,46.10,0.00,0.00,0.00,76.59
27-Aug-26 4:00:00 AM EDT,0.00,0.00,74.10,0.00,33.10,33.10,78.70,81.30,79.99,55.30,0.00,74.30,28.10,76.60,68.20,73.30,73.00,75.30,46.60,0.00,0.00,0.00,76.40
27-Aug-26 5:00:00 AM EDT,0.00,0.00,73.60,0.00,22.00,22.00,77.30,79.30,78.30,55.10,0.00,76.70,29.30,64.00,67.50,72.50,73.00,75.20,46.80,0.00,0.00,0.00,76.00
27-Aug-26 6:00:00 AM EDT,0.00,0.00,73.60,0.00,13.20,13.20,77.00,78.10,77.56,55.20,0.00,88.20,28.90,69.70,67.80,72.70,73.00,75.10,47.00,0.00,0.00,0.00,75.59
27-Aug-26 7:00:00 AM EDT,0.00,0.00,73.70,0.00,0.00,0.00,77.00,77.90,77.45,55.20,0.00,78.00,28.30,75.80,67.70,73.00,73.00,75.10,47.00,0.00,0.00,0.00,75.38
27-Aug-26 8:00:00 AM EDT,0.00,0.00,73.50,0.00,0.00,0.00,76.80,77.80,77.30,55.10,12.30,88.20,27.90,74.60,67.60,72.90,73.00,75.00,47.10,0.00,0.00,0.00,75.12
27-Aug-26 9:00:00 AM EDT,0.00,0.00,74.70,0.00,0.00,0.00,78.00,78.70,78.34,54.90,24.70,67.30,26.50,64.40,66.60,72.80,73.00,75.40,46.70,0.00,0.00,0.00,77.55
27-Aug-26 10:00:00 AM EDT,0.00,0.00,74.90,0.00,0.00,0.00,78.20,78.90,78.55,54.70,17.40,83.90,25.70,76.10,66.30,73.00,73.00,75.10,46.80,0.00,0.00,0.00,78.21
27-Aug-26 11:00:00 AM EDT,0.00,0.00,75.30,0.00,0.00,0.00,78.50,79.30,78.93,54.80,5.20,56.40,25.30,71.80,65.50,73.40,73.10,75.40,46.60,0.00,0.00,0.00,78.82
27-Aug-26 12:00:00 PM EDT,0.00,0.00,74.60,0.00,5.90,5.90,78.00,78.90,78.43,55.20,0.00,54.20,23.60,68.30,65.60,73.30,73.00,75.50,46.60,0.00,0.00,0.00,78.14
27-Aug-26 1:00:00 PM EDT,0.00,0.00,75.00,0.00,0.00,0.00,78.30,79.10,78.67,54.70,27.10,58.00,25.30,70.40,64.20,73.30,73.00,75.40,47.60,0.00,0.00,0.00,78.39
27-Aug-26 2:00:00 PM EDT,0.00,0.00,74.80,0.00,0.00,0.00,78.10,78.90,78.47,54.50,6.40,80.30,27.40,72.10,64.90,73.00,72.90,75.10,47.30,0.00,0.00,0.00,78.23
27-Aug-26 3:00:00 PM EDT,0.00,0.00,74.00,0.00,0.00,0.00,77.30,78.20,77.79,54.60,0.80,71.90,25.40,64.30,66.00,72.80,73.00,75.30,47.50,0.00,0.00,0.00,76.82
27-Aug-26 4:00:00 PM EDT,0.00,0.00,74.00,0.00,0.00,0.00,77.30,78.20,77.72,55.10,17.50,73.30,26.20,70.70,65.50,73.00,73.00,75.20,48.00,0.00,0.00,0.00,75.99
27-Aug-26 5:00:00 PM EDT,0.00,0.00,73.30,0.00,0.00,0.00,76.60,77.60,77.11,53.80,0.00,62.70,26.80,67.50,65.20,73.20,72.90,75.30,46.50,0.00,0.00,0.00,74.58
27-Aug-26 6:00:00 PM EDT,0.00,0.00,73.50,0.00,14.60,14.60,76.90,77.90,77.39,54.20,0.00,54.00,28.80,68.20,65.30,73.30,72.90,75.40,46.60,0.00,0.00,0.00,75.40
27-Aug-26 7:00:00 PM EDT,0.00,0.00,73.70,0.00,25.90,25.90,77.50,78.10,77.80,55.10,0.00,78.60,27.30,75.80,67.40,73.10,73.00,75.10,47.30,0.00,0.00,0.00,75.41
27-Aug-26 8:00:00 PM EDT,0.00,0.00,73.70,0.00,24.90,24.90,77.20,78.10,77.64,54.60,0.00,87.50,28.90,68.40,66.30,72.60,72.90,75.00,47.30,0.00,0.00,0.00,75.66
27-Aug-26 9:00:00 PM EDT,0.00,0.00,73.90,0.00,19.90,19.90,77.40,78.30,77.85,55.00,0.00,69.60,29.80,76.50,67.40,73.30,73.00,75.20,47.50,0.00,0.00,0.00,75.97
27-Aug-26 10:00:00 PM EDT,0.00,0.00,73.90,0.00,24.50,24.50,77.30,78.30,77.81,54.40,0.00,73.30,30.30,77.90,66.90,73.40,73.00,75.20,46.90,0.00,0.00,0.00,75.75
27-Aug-26 11:00:00 PM EDT,0.00,0.00,73.40,0.00,50.30,50.30,80.10,83.40,81.74,54.30,0.00,95.80,27.70,69.30,68.40,72.40,73.00,75.00,46.40,0.00,0.00,0.00,75.21
28-Aug-26 12:00:00 AM EDT,0.00,0.00,73.80,0.00,57.50,57.50,82.30,88.80,85.57,54.90,0.00,48.70,29.00,73.00,68.10,73.60,73.10,75.60,45.60,0.00,0.00,0.00,75.39
28-Aug-26 1:00:00 AM EDT,0.00,0.00,74.00,0.00,52.30,52.30,81.30,87.30,84.31,54.80,0.00,62.00,29.90,76.40,68.60,73.40,73.00,75.40,45.90,0.00,0.00,0.00,75.85
28-Aug-26 2:00:00 AM EDT,0.00,0.00,74.10,0.00,56.80,56.80,82.50,87.40,84.94,54.60,0.00,59.30,29.10,69.90,68.20,73.30,73.00,75.50,45.30,0.00,0.00,0.00,75.93
28-Aug-26 3:00:00 AM EDT,0.00,0.00,73.90,0.00,53.80,53.80,81.70,87.40,84.56,55.00,0.00,54.20,28.00,74.00,68.50,73.60,73.00,75.50,45.60,0.00,0.00,0.00,75.81
28-Aug-26 4:00:00 AM EDT,0.00,0.00,73.60,0.00,50.60,50.60,80.20,84.80,82.53,54.70,0.00,95.50,29.90,75.70,67.50,72.80,72.90,75.00,46.30,0.00,0.00,0.00,75.44
28-Aug-26 5:00:00 AM EDT,0.00,0.00,73.50,0.00,56.30,56.30,81.90,84.80,83.38,54.80,0.00,52.40,28.70,68.20,68.70,73.30,73.10,75.60,45.30,0.00,0.00,0.00,75.15
28-Aug-26 6:00:00 AM EDT,0.00,0.00,73.50,0.00,57.50,57.50,82.10,84.60,83.34,54.80,0.00,57.50,30.40,72.90,68.20,73.40,73.00,75.50,45.40,0.00,0.00,0.00,75.14
28-Aug-26 7:00:00 AM EDT,0.00,0.00,73.70,0.00,58.90,58.90,82.80,84.70,83.78,54.80,0.00,54.90,29.90,74.60,68.40,73.60,73.00,75.50,45.40,0.00,0.00,0.00,75.41
28-Aug-26 8:00:00 AM EDT,0.00,0.00,73.50,0.00,59.10,59.10,82.90,84.50,83.70,55.10,0.00,72.90,29.40,79.40,68.50,73.50,73.00,75.30,45.70,0.00,0.00,0.00,75.16
28-Aug-26 9:00:00 AM EDT,0.00,0.00,73.50,0.00,55.60,55.60,82.10,84.70,83.41,55.00,0.00,89.00,27.30,65.80,68.50,72.40,73.00,75.20,46.10,0.00,0.00,0.00,75.63
28-Aug-26 10:00:00 AM EDT,0.00,0.00,75.40,0.00,43.00,43.00,81.10,85.80,83.43,55.00,0.00,70.90,24.20,78.90,66.90,73.40,73.00,75.30,46.20,0.00,0.00,0.00,78.46
28-Aug-26 11:00:00 AM EDT,0.00,0.00,75.40,0.00,68.90,68.90,87.00,93.60,90.29,57.60,0.00,45.70,24.10,78.30,68.00,74.80,72.90,76.30,46.50,0.00,0.00,0.00,78.16
28-Aug-26 12:00:00 PM EDT,0.00,0.00,76.30,0.00,89.70,89.70,93.10,97.60,95.36,56.60,0.00,48.50,16.30,78.90,66.00,74.70,73.20,76.30,46.70,0.00,0.00,0.00,79.69
28-Aug-26 1:00:00 PM EDT,0.00,0.00,76.50,0.00,99.80,99.80,95.40,99.10,97.26,56.90,0.00,83.30,9.80,78.10,66.00,73.80,73.10,75.90,47.30,0.00,0.00,0.00,80.88
28-Aug-26 2:00:00 PM EDT,0.00,0.00,76.60,0.00,75.50,75.50,90.20,94.80,92.49,56.20,0.00,67.50,7.40,66.20,64.80,73.60,73.10,76.10,47.80,0.00,0.00,0.00,81.95
28-Aug-26 3:00:00 PM EDT,0.00,0.00,77.00,0.00,100.00,100.00,96.00,99.90,97.92,56.50,0.00,75.50,15.30,77.00,65.20,74.00,72.80,75.80,47.40,0.00,0.00,0.00,83.10
28-Aug-26 4:00:00 PM EDT,0.00,0.00,77.50,0.00,100.00,100.00,96.90,100.80,98.83,56.20,0.00,50.40,13.10,75.50,65.40,74.60,73.00,76.20,46.30,0.00,0.00,0.00,83.61
28-Aug-26 5:00:00 PM EDT,0.00,0.00,78.10,0.00,100.00,100.00,97.50,101.40,99.45,56.60,0.00,55.90,2.10,73.40,65.60,74.40,73.20,76.20,46.70,0.00,0.00,0.00,84.46
28-Aug-26 6:00:00 PM EDT,0.00,0.00,78.00,0.00,100.00,100.00,97.50,101.70,99.59,56.50,0.00,74.00,0.00,69.00,65.10,73.90,73.20,76.00,46.90,0.00,0.00,0.00,84.49
28-Aug-26 7:00:00 PM EDT,0.00,0.00,77.60,0.00,100.00,100.00,97.00,101.50,99.26,56.60,0.00,73.90,2.60,66.20,65.10,73.60,72.90,76.00,46.60,0.00,0.00,0.00,84.05
28-Aug-26 8:00:00 PM EDT,0.00,0.00,77.40,0.00,100.00,100.00,96.40,101.00,98.71,56.60,0.00,58.50,12.40,70.80,65.30,74.20,72.90,76.10,46.50,0.00,0.00,0.00,83.48
28-Aug-26 9:00:00 PM EDT,0.00,0.00,77.00,0.00,100.00,100.00,96.40,101.40,98.91,56.10,0.00,69.80,25.80,66.30,65.50,73.80,72.70,76.10,45.70,0.00,0.00,0.00,82.93
28-Aug-26 10:00:00 PM EDT,0.00,0.00,76.60,0.00,100.00,100.00,95.50,100.70,98.08,54.90,0.00,75.80,29.00,65.40,66.70,73.60,72.90,76.10,44.40,0.00,0.00,0.00,81.86
28-Aug-26 11:00:00 PM EDT,0.00,0.00,76.40,0.00,100.00,100.00,95.50,101.20,98.36,55.00,0.00,43.90,28.10,73.10,67.60,74.50,73.00,76.40,43.20,0.00,0.00,0.00,80.92
29-Aug-26 12:00:00 AM EDT,0.00,0.00,75.60,0.00,100.00,100.00,93.90,99.80,96.87,54.60,0.00,100.00,30.60,75.10,66.90,73.60,72.80,75.70,43.60,0.00,0.00,0.00,79.52
29-Aug-26 1:00:00 AM EDT,0.00,0.00,75.00,0.00,100.00,100.00,93.70,99.20,96.48,54.50,0.00,81.70,27.10,65.80,67.90,73.60,73.10,76.20,42.80,0.00,0.00,0.00,78.26
29-Aug-26 2:00:00 AM EDT,0.00,0.00,74.40,0.00,100.00,100.00,93.10,98.70,95.91,56.00,0.00,84.90,26.70,66.50,68.00,73.50,73.00,76.10,43.80,0.00,0.00,0.00,76.95
29-Aug-26 3:00:00 AM EDT,0.00,0.00,74.00,0.00,100.00,100.00,92.40,98.20,95.32,56.00,0.00,66.30,28.40,67.70,67.70,73.90,73.00,76.30,43.40,0.00,0.00,0.00,75.71
29-Aug-26 4:00:00 AM EDT,0.00,0.00,73.50,0.00,100.00,100.00,91.20,96.60,93.90,56.50,0.00,61.10,27.30,81.00,67.80,74.70,73.00,76.10,44.00,0.00,0.00,0.00,74.11
29-Aug-26 5:00:00 AM EDT,0.00,0.00,72.60,0.00,100.00,100.00,90.70,96.50,93.62,56.50,0.00,83.70,28.20,66.40,67.80,73.40,73.00,76.00,44.80,0.00,0.00,0.00,72.89
29-Aug-26 6:00:00 AM EDT,0.00,0.00,72.20,0.00,100.00,100.00,89.30,94.80,92.05,54.20,0.00,67.40,31.40,70.20,67.70,74.10,72.90,76.20,41.50,0.00,0.00,0.00,70.48
29-Aug-26 7:00:00 AM EDT,0.00,0.00,72.00,0.00,100.00,100.00,88.70,94.40,91.55,53.40,0.00,68.50,32.80,74.50,67.60,74.40,72.90,76.20,39.70,0.00,0.00,0.00,70.45
29-Aug-26 8:00:00 AM EDT,0.00,0.00,71.90,0.00,100.00,100.00,88.30,94.20,91.26,53.10,0.00,87.40,32.00,78.30,68.10,74.10,73.00,75.90,39.30,0.00,0.00,0.00,70.13
29-Aug-26 9:00:00 AM EDT,0.00,0.00,72.90,0.00,100.00,100.00,90.60,96.20,93.40,53.60,0.00,96.60,29.80,68.20,68.30,73.40,73.10,76.00,38.70,0.00,0.00,0.00,73.89
29-Aug-26 10:00:00 AM EDT,0.00,0.00,72.80,0.00,100.00,100.00,91.00,96.90,93.93,53.90,0.00,76.70,27.40,80.40,67.90,74.50,73.10,76.10,39.10,0.00,0.00,0.00,72.55
29-Aug-26 11:00:00 AM EDT,0.00,0.00,72.80,0.00,100.00,100.00,90.90,96.70,93.80,53.30,0.00,83.10,28.80,79.00,65.80,74.20,72.90,75.90,39.00,0.00,0.00,0.00,72.64
29-Aug-26 12:00:00 PM EDT,0.00,0.00,73.30,0.00,100.00,100.00,91.40,96.90,94.18,53.60,0.00,92.30,26.20,78.00,66.10,73.90,73.10,75.80,38.40,0.00,0.00,0.00,73.09
29-Aug-26 1:00:00 PM EDT,0.00,0.00,73.40,0.00,100.00,100.00,91.80,97.30,94.54,54.10,0.00,100.00,25.90,68.70,65.80,73.20,73.00,75.80,39.00,0.00,0.00,0.00,73.98
29-Aug-26 2:00:00 PM EDT,0.00,0.00,74.90,0.00,100.00,100.00,93.40,98.40,95.91,54.50,0.00,54.30,26.00,75.60,66.00,74.70,73.00,76.30,37.80,0.00,0.00,0.00,76.59
29-Aug-26 3:00:00 PM EDT,0.00,0.00,77.20,0.00,0.00,0.00,96.10,103.40,99.78,76.30,0.00,0.00,0.00,80.00,74.00,74.60,73.50,76.60,37.30,0.00,0.00,0.00,77.43
29-Aug-26 4:00:00 PM EDT,0.00,0.00,82.40,0.00,0.00,0.00,113.10,117.10,115.09,92.10,0.00,0.00,0.00,81.70,84.40,76.90,76.20,81.10,33.60,0.00,0.00,0.00,79.12
29-Aug-26 5:00:00 PM EDT,0.00,0.00,85.10,0.00,0.00,0.00,117.10,121.10,119.08,94.60,0.00,0.00,0.00,84.50,89.80,78.30,77.20,82.20,33.20,0.00,0.00,0.00,79.76
29-Aug-26 6:00:00 PM EDT,0.00,0.00,86.80,0.00,0.00,0.00,118.40,122.30,120.36,96.20,0.00,0.00,0.00,86.60,92.50,79.10,78.00,83.10,32.60,0.00,0.00,0.00,80.25
29-Aug-26 7:00:00 PM EDT,0.00,0.00,88.10,0.00,0.00,0.00,118.90,122.80,120.82,97.30,0.00,0.00,0.00,87.30,93.40,79.60,78.20,83.20,33.20,0.00,0.00,0.00,80.71
29-Aug-26 8:00:00 PM EDT,0.00,0.00,89.00,0.00,0.00,0.00,119.40,123.20,121.29,98.00,0.00,0.00,0.00,88.50,94.10,80.40,78.70,83.90,32.60,0.00,0.00,0.00,81.02
29-Aug-26 9:00:00 PM EDT,0.00,0.00,89.50,0.00,0.00,0.00,119.80,123.60,121.71,98.30,0.00,0.00,0.00,89.10,94.40,80.80,78.90,84.00,32.40,0.00,0.00,0.00,81.48
29-Aug-26 10:00:00 PM EDT,0.00,0.00,89.80,0.00,0.00,0.00,120.10,123.80,121.97,98.50,0.00,0.00,0.00,88.80,94.80,80.90,79.10,84.30,31.70,0.00,0.00,0.00,81.48
29-Aug-26 11:00:00 PM EDT,0.00,0.00,90.00,0.00,0.00,0.00,120.30,123.90,122.12,98.60,0.00,0.00,0.00,89.50,95.20,81.10,78.90,84.40,31.10,0.00,0.00,0.00,81.53
30-Aug-26 12:00:00 AM EDT,0.00,0.00,90.20,0.00,0.00,0.00,120.40,124.00,122.17,98.90,0.00,0.00,0.00,89.70,95.40,81.20,78.80,84.40,31.00,0.00,0.00,0.00,81.55
30-Aug-26 1:00:00 AM EDT,0.00,0.00,90.50,0.00,0.00,0.00,120.40,124.00,122.23,99.30,0.00,0.00,0.00,89.70,95.50,81.20,78.70,84.40,31.10,0.00,0.00,0.00,81.54
30-Aug-26 2:00:00 AM EDT,0.00,0.00,90.50,0.00,0.00,0.00,120.70,124.30,122.50,99.70,0.00,0.00,0.00,90.80,95.70,81.50,78.80,84.70,31.00,0.00,0.00,0.00,81.23
30-Aug-26 3:00:00 AM EDT,0.00,0.00,90.90,0.00,0.00,0.00,120.80,124.40,122.59,100.10,0.00,0.00,0.00,90.50,95.70,81.30,78.50,84.50,31.40,0.00,0.00,0.00,81.21
30-Aug-26 4:00:00 AM EDT,0.00,0.00,73.30,0.00,58.20,58.20,81.50,88.10,84.79,55.90,0.00,70.90,0.00,64.90,64.10,73.20,73.50,75.70,44.00,0.00,0.00,0.00,74.81
30-Aug-26 5:00:00 AM EDT,0.00,0.00,73.10,0.00,65.20,65.20,83.50,88.80,86.18,56.90,0.00,71.90,3.60,69.90,65.20,74.00,73.00,76.10,45.50,0.00,0.00,0.00,74.11
30-Aug-26 6:00:00 AM EDT,0.00,0.00,73.00,0.00,49.20,49.20,79.20,86.60,82.89,57.00,0.00,66.70,18.30,70.50,65.20,74.00,72.70,76.00,46.30,0.00,0.00,0.00,73.71
30-Aug-26 7:00:00 AM EDT,0.00,0.00,72.90,0.00,100.00,100.00,90.90,95.50,93.22,55.10,0.00,100.00,31.00,74.20,65.70,73.60,72.60,75.70,44.40,0.00,0.00,0.00,73.33
30-Aug-26 8:00:00 AM EDT,0.00,0.00,72.90,0.00,100.00,100.00,90.80,94.90,92.87,54.80,0.00,51.90,29.80,72.70,66.50,74.50,72.90,76.40,42.70,0.00,0.00,0.00,73.15
30-Aug-26 9:00:00 AM EDT,0.00,0.00,73.20,0.00,100.00,100.00,91.60,96.10,93.83,55.40,0.00,60.30,26.20,69.30,66.60,74.20,73.10,76.40,43.10,0.00,0.00,0.00,73.28
30-Aug-26 10:00:00 AM EDT,0.00,0.00,74.70,0.00,100.00,100.00,93.50,98.30,95.92,55.80,0.00,46.30,25.30,72.10,66.70,74.50,73.10,76.40,43.40,0.00,0.00,0.00,75.33
30-Aug-26 11:00:00 AM EDT,0.00,0.00,75.50,0.00,100.00,100.00,94.20,99.20,96.72,55.30,0.00,80.50,23.40,80.10,66.20,74.30,73.10,76.00,42.80,0.00,0.00,0.00,77.65
30-Aug-26 12:00:00 PM EDT,0.00,0.00,75.50,0.00,100.00,100.00,94.90,100.00,97.46,56.20,0.00,65.70,17.20,66.50,66.20,73.70,73.10,76.20,43.30,0.00,0.00,0.00,79.25
30-Aug-26 1:00:00 PM EDT,0.00,0.00,75.50,0.00,91.40,91.40,93.00,99.90,96.44,56.80,0.00,60.70,17.20,78.10,66.20,74.40,73.00,76.10,44.90,0.00,0.00,0.00,79.04
30-Aug-26 2:00:00 PM EDT,0.00,0.00,75.70,0.00,83.50,83.50,92.50,99.60,96.03,56.80,0.00,51.30,20.60,69.40,66.00,74.30,72.90,76.30,45.30,0.00,0.00,0.00,79.94
30-Aug-26 3:00:00 PM EDT,0.00,0.00,76.10,0.00,75.00,75.00,90.40,97.40,93.91,57.10,0.00,48.30,25.80,71.00,66.50,74.40,72.90,76.30,46.00,0.00,0.00,0.00,80.00
30-Aug-26 4:00:00 PM EDT,0.00,0.00,76.20,0.00,63.60,63.60,86.90,93.70,90.32,57.20,0.00,66.80,28.50,79.00,66.80,74.50,72.90,76.00,46.90,0.00,0.00,0.00,80.59
30-Aug-26 5:00:00 PM EDT,0.00,0.00,75.70,0.00,63.70,63.70,86.60,92.20,89.40,57.10,0.00,73.30,25.80,66.20,67.50,73.50,73.10,76.10,46.90,0.00,0.00,0.00,79.67
30-Aug-26 6:00:00 PM EDT,0.00,0.00,76.30,0.00,56.20,56.20,84.70,90.10,87.44,57.10,0.00,51.00,24.40,72.00,67.10,74.40,73.00,76.30,46.90,0.00,0.00,0.00,80.80
30-Aug-26 7:00:00 PM EDT,0.00,0.00,76.40,0.00,53.30,53.30,84.30,89.80,87.01,57.00,0.00,55.80,24.20,67.30,66.30,74.20,73.10,76.30,47.20,0.00,0.00,0.00,81.04
30-Aug-26 8:00:00 PM EDT,0.00,0.00,76.30,0.00,52.40,52.40,84.20,89.30,86.75,57.30,0.00,47.70,28.20,70.60,66.50,74.40,72.90,76.30,47.10,0.00,0.00,0.00,81.06
30-Aug-26 9:00:00 PM EDT,0.00,0.00,76.20,0.00,49.60,49.60,83.20,89.00,86.10,57.50,0.00,77.60,28.10,78.70,67.50,74.20,73.00,75.90,47.60,0.00,0.00,0.00,80.87
30-Aug-26 10:00:00 PM EDT,0.00,0.00,76.10,0.00,46.40,46.40,82.40,87.00,84.70,57.10,0.00,56.30,25.80,66.80,67.30,73.90,73.10,76.30,47.50,0.00,0.00,0.00,80.74
30-Aug-26 11:00:00 PM EDT,0.00,0.00,75.80,0.00,42.00,42.00,81.50,86.00,83.74,57.00,0.00,48.20,25.10,74.80,67.10,74.60,73.10,76.30,47.30,0.00,0.00,0.00,80.12
31-Aug-26 12:00:00 AM EDT,0.00,0.00,75.40,0.00,40.50,40.50,80.80,83.90,82.35,56.70,0.00,47.20,27.80,75.70,66.80,74.50,73.00,76.30,47.20,0.00,0.00,0.00,79.09
31-Aug-26 1:00:00 AM EDT,0.00,0.00,75.40,0.00,56.00,56.00,83.70,88.20,85.97,56.70,0.00,73.80,27.50,80.90,66.90,74.40,73.00,75.90,47.00,0.00,0.00,0.00,78.54
31-Aug-26 2:00:00 AM EDT,0.00,0.00,75.00,0.00,69.60,69.60,87.00,91.20,89.13,56.80,0.00,83.80,27.00,66.40,67.10,73.40,73.00,75.90,46.80,0.00,0.00,0.00,78.21
31-Aug-26 3:00:00 AM EDT,0.00,0.00,75.00,0.00,82.60,82.60,90.40,95.20,92.78,57.00,0.00,81.00,28.20,81.40,67.40,74.30,72.90,75.90,46.30,0.00,0.00,0.00,77.79
31-Aug-26 4:00:00 AM EDT,0.00,0.00,74.60,0.00,90.70,90.70,91.20,96.80,94.00,56.80,0.00,94.60,28.80,76.60,67.40,73.70,73.00,75.80,46.40,0.00,0.00,0.00,76.91
31-Aug-26 5:00:00 AM EDT,0.00,0.00,74.30,0.00,96.50,96.50,92.40,97.50,94.92,56.70,0.00,100.00,28.10,71.30,67.60,73.30,73.00,75.80,46.20,0.00,0.00,0.00,76.68
31-Aug-26 6:00:00 AM EDT,0.00,0.00,74.00,0.00,97.00,97.00,92.50,97.50,94.99,56.80,0.00,61.20,27.40,67.90,67.80,73.90,73.00,76.30,45.50,0.00,0.00,0.00,75.79
31-Aug-26 7:00:00 AM EDT,0.00,0.00,74.00,0.00,95.50,95.50,91.70,97.60,94.65,57.10,0.00,84.00,28.00,81.40,67.90,74.20,73.00,76.00,46.10,0.00,0.00,0.00,75.22
31-Aug-26 8:00:00 AM EDT,0.00,0.00,73.60,0.00,85.10,85.10,89.50,96.90,93.20,57.00,0.00,44.90,27.90,71.40,67.80,74.40,73.00,76.40,45.80,0.00,0.00,0.00,74.43
31-Aug-26 9:00:00 AM EDT,0.00,0.00,73.40,0.00,75.10,75.10,87.20,92.50,89.86,56.20,0.00,63.60,28.00,68.80,66.80,74.10,72.90,76.20,46.00,0.00,0.00,0.00,74.29
31-Aug-26 10:00:00 AM EDT,0.00,0.00,73.70,0.00,74.90,74.90,87.50,93.30,90.42,56.60,0.00,51.40,26.30,77.50,67.10,74.70,72.90,76.20,46.00,0.00,0.00,0.00,74.18
31-Aug-26 11:00:00 AM EDT,0.00,0.00,73.70,0.00,79.00,79.00,88.30,93.70,91.04,56.90,0.00,93.10,21.10,76.70,66.50,73.80,73.00,75.80,46.70,0.00,0.00,0.00,74.40
31-Aug-26 12:00:00 PM EDT,0.00,0.00,74.00,0.00,76.90,76.90,88.20,94.50,91.35,56.80,0.00,50.60,16.30,68.40,65.90,74.10,73.10,76.30,46.50,0.00,0.00,0.00,75.18
31-Aug-26 1:00:00 PM EDT,0.00,0.00,74.70,0.00,84.30,84.30,91.00,95.30,93.13,56.90,0.00,85.40,11.10,73.10,65.80,73.70,73.10,75.90,47.00,0.00,0.00,0.00,76.68
31-Aug-26 2:00:00 PM EDT,0.00,0.00,75.50,0.00,81.90,81.90,90.50,94.80,92.66,56.90,0.00,66.20,6.50,77.20,65.50,74.30,73.00,76.00,46.80,0.00,0.00,0.00,78.30
31-Aug-26 3:00:00 PM EDT,0.00,0.00,75.80,0.00,80.80,80.80,91.10,96.20,93.64,57.10,0.00,64.70,5.30,77.30,65.70,74.40,73.00,76.00,46.80,0.00,0.00,0.00,79.37
31-Aug-26 4:00:00 PM EDT,0.00,0.00,75.60,0.00,73.60,73.60,89.50,96.60,93.05,57.10,0.00,85.30,8.10,71.00,65.40,73.60,72.90,75.90,47.70,0.00,0.00,0.00,78.94
31-Aug-26 5:00:00 PM EDT,0.00,0.00,74.80,0.00,73.50,73.50,88.90,96.20,92.52,56.90,0.00,46.70,14.90,69.90,65.40,74.40,72.90,76.20,47.10,0.00,0.00,0.00,77.68
31-Aug-26 6:00:00 PM EDT,0.00,0.00,74.50,0.00,72.90,72.90,88.30,95.90,92.09,57.10,0.00,71.80,24.00,75.20,65.70,74.10,72.80,75.90,47.50,0.00,0.00,0.00,76.77
31-Aug-26 7:00:00 PM EDT,0.00,0.00,74.50,0.00,67.70,67.70,86.40,95.20,90.79,57.00,0.00,55.00,29.00,76.20,66.80,74.50,72.90,76.10,47.10,0.00,0.00,0.00,76.57
31-Aug-26 8:00:00 PM EDT,0.00,0.00,74.50,0.00,66.10,66.10,86.00,94.70,90.37,57.10,0.00,56.70,29.30,77.60,67.70,74.60,73.00,76.10,46.90,0.00,0.00,0.00,76.51
31-Aug-26 9:00:00 PM EDT,0.00,0.00,74.10,0.00,64.00,64.00,85.30,93.30,89.26,57.00,0.00,92.10,28.60,73.70,68.20,73.60,73.00,75.80,47.60,0.00,0.00,0.00,75.87
31-Aug-26 10:00:00 PM EDT,0.00,0.00,74.10,0.00,63.10,63.10,84.90,93.00,88.94,56.90,0.00,40.70,26.80,72.60,68.10,74.60,73.10,76.40,46.60,0.00,0.00,0.00,75.65
31-Aug-26 11:00:00 PM EDT,0.00,0.00,74.00,0.00,65.10,65.10,85.30,92.70,89.01,57.00,0.00,72.80,26.70,79.60,67.90,74.20,73.00,76.00,47.00,0.00,0.00,0.00,75.40
01-Sep-26 12:00:00 AM EDT,0.00,0.00,74.00,0.00,65.20,65.20,85.50,93.10,89.26,57.20,0.00,77.10,26.40,79.50,68.10,74.10,73.00,75.90,47.00,0.00,0.00,0.00,75.30
01-Sep-26 1:00:00 AM EDT,0.00,0.00,73.80,0.00,58.00,58.00,82.70,90.40,86.56,57.20,0.00,94.80,26.60,71.50,67.80,73.40,73.00,75.80,47.70,0.00,0.00,0.00,75.43
01-Sep-26 2:00:00 AM EDT,0.00,0.00,74.00,0.00,54.70,54.70,82.00,88.00,85.00,57.00,0.00,44.10,27.10,71.30,67.90,74.40,73.00,76.40,46.80,0.00,0.00,0.00,75.58
01-Sep-26 3:00:00 AM EDT,0.00,0.00,73.70,0.00,54.00,54.00,81.70,87.50,84.63,56.90,0.00,92.20,28.60,68.00,67.60,73.20,73.00,75.80,47.70,0.00,0.00,0.00,75.18
01-Sep-26 4:00:00 AM EDT,0.00,0.00,73.70,0.00,55.10,55.10,82.00,87.50,84.71,57.00,0.00,71.00,27.50,67.40,68.10,73.80,73.00,76.20,47.20,0.00,0.00,0.00,75.13
01-Sep-26 5:00:00 AM EDT,0.00,0.00,73.90,0.00,49.70,49.70,80.80,87.20,84.03,57.10,0.00,55.10,26.40,70.20,67.90,74.20,73.10,76.30,47.30,0.00,0.00,0.00,75.37
01-Sep-26 6:00:00 AM EDT,0.00,0.00,74.20,0.00,48.90,48.90,80.70,87.00,83.82,57.10,0.00,65.20,27.80,81.30,67.40,74.60,73.00,76.00,47.50,0.00,0.00,0.00,75.90
01-Sep-26 7:00:00 AM EDT,0.00,0.00,73.80,0.00,49.10,49.10,80.60,86.60,83.62,56.90,0.00,81.90,28.40,66.60,67.80,73.40,73.00,76.00,47.80,0.00,0.00,0.00,75.66
01-Sep-26 8:00:00 AM EDT,0.00,0.00,74.10,0.00,46.90,46.90,80.40,86.60,83.54,57.10,0.00,85.40,27.20,80.60,68.00,74.10,73.00,75.90,47.90,0.00,0.00,0.00,75.78
01-Sep-26 9:00:00 AM EDT,0.00,0.00,74.30,0.00,42.70,42.70,80.10,85.90,83.02,57.10,0.00,91.60,25.30,75.90,67.80,73.70,73.00,75.80,48.20,0.00,0.00,0.00,76.16
01-Sep-26 10:00:00 AM EDT,0.00,0.00,74.20,0.00,35.00,35.00,79.10,83.10,81.06,57.10,0.00,91.90,24.30,69.70,67.10,73.30,73.00,75.90,48.70,0.00,0.00,0.00,76.36
01-Sep-26 11:00:00 AM EDT,0.00,0.00,74.80,0.00,28.90,28.90,78.70,81.70,80.17,56.80,0.00,48.80,20.00,68.10,66.00,74.10,73.10,76.30,48.30,0.00,0.00,0.00,76.95
01-Sep-26 12:00:00 PM EDT,0.00,0.00,75.20,0.00,33.80,33.80,79.70,81.70,80.72,56.70,0.00,91.00,17.70,72.50,65.60,73.60,73.00,75.70,48.90,0.00,0.00,0.00,77.97
01-Sep-26 1:00:00 PM EDT,0.00,0.00,75.30,0.00,33.90,33.90,79.90,81.80,80.87,57.10,0.00,43.50,16.10,77.40,65.80,74.70,73.00,76.20,48.30,0.00,0.00,0.00,78.48
01-Sep-26 2:00:00 PM EDT,0.00,0.00,74.90,0.00,26.40,26.40,78.60,80.90,79.78,57.00,0.00,48.60,16.70,72.50,65.80,74.50,73.00,76.20,48.70,0.00,0.00,0.00,77.70
01-Sep-26 3:00:00 PM EDT,0.00,0.00,75.20,0.00,19.60,19.60,78.60,79.90,79.25,57.10,0.00,51.20,17.80,76.50,65.80,74.60,72.90,76.10,48.90,0.00,0.00,0.00,78.18
01-Sep-26 4:00:00 PM EDT,0.00,0.00,76.10,0.00,8.40,8.40,79.40,80.00,79.73,57.30,0.00,83.60,12.40,70.10,65.90,73.60,73.10,75.80,49.80,0.00,0.00,0.00,80.02
01-Sep-26 5:00:00 PM EDT,0.00,0.00,76.70,0.00,3.90,3.90,80.00,80.50,80.27,57.10,0.00,51.50,8.60,67.20,65.50,74.20,73.10,76.20,49.30,0.00,0.00,0.00,81.81
01-Sep-26 6:00:00 PM EDT,0.00,0.00,76.50,0.00,0.00,0.00,79.90,80.30,80.07,57.50,12.10,78.20,9.60,69.90,65.60,73.80,73.00,75.90,49.90,0.00,0.00,0.00,82.17
01-Sep-26 7:00:00 PM EDT,0.00,0.00,76.30,0.00,0.00,0.00,79.60,80.10,79.82,56.50,19.80,65.90,20.80,75.30,65.00,74.30,72.80,75.90,49.00,0.00,0.00,0.00,81.48
01-Sep-26 8:00:00 PM EDT,0.00,0.00,75.40,0.00,3.70,3.70,78.70,79.30,79.03,57.00,0.00,73.10,29.20,75.90,66.10,74.10,72.70,75.80,49.30,0.00,0.00,0.00,79.26
01-Sep-26 9:00:00 PM EDT,0.00,0.00,74.90,0.00,12.60,12.60,78.30,79.00,78.67,55.90,0.00,92.10,29.80,66.70,67.10,73.30,72.90,75.80,48.60,0.00,0.00,0.00,78.40
01-Sep-26 10:00:00 PM EDT,0.00,0.00,73.80,0.00,49.30,49.30,80.00,85.60,82.83,55.90,0.00,49.60,28.10,78.70,67.80,74.80,73.00,76.20,46.70,0.00,0.00,0.00,75.15
01-Sep-26 11:00:00 PM EDT,0.00,0.00,72.90,0.00,72.20,72.20,85.60,90.10,87.84,56.20,0.00,95.90,27.50,71.60,67.70,73.40,73.00,75.80,47.40,0.00,0.00,0.00,72.77
02-Sep-26 12:00:00 AM EDT,0.00,0.00,72.40,0.00,88.10,88.10,88.80,93.60,91.21,56.60,0.00,96.50,28.10,70.60,67.90,73.40,73.00,75.80,47.30,0.00,0.00,0.00,71.24
02-Sep-26 1:00:00 AM EDT,0.00,0.00,72.20,0.00,94.60,94.60,89.90,94.70,92.30,56.60,0.00,77.40,27.60,66.70,68.00,73.60,73.00,76.20,47.20,0.00,0.00,0.00,70.03
02-Sep-26 2:00:00 AM EDT,0.00,0.00,72.50,0.00,99.10,99.10,90.40,94.60,92.50,56.70,0.00,57.80,28.70,80.80,68.20,74.60,73.00,76.20,46.70,0.00,0.00,0.00,70.05
02-Sep-26 3:00:00 AM EDT,0.00,0.00,72.00,0.00,100.00,100.00,90.40,94.90,92.66,56.10,0.00,85.30,30.10,66.30,68.40,73.30,72.90,76.00,46.40,0.00,0.00,0.00,70.00
02-Sep-26 4:00:00 AM EDT,0.00,0.00,72.20,0.00,100.00,100.00,90.40,95.10,92.74,56.00,0.00,52.70,30.20,75.50,68.40,74.60,73.00,76.30,45.40,0.00,0.00,0.00,70.13
02-Sep-26 5:00:00 AM EDT,0.00,0.00,72.10,0.00,100.00,100.00,90.50,95.30,92.89,56.20,0.00,59.10,29.70,81.00,68.70,74.70,73.00,76.20,45.60,0.00,0.00,0.00,69.43
02-Sep-26 6:00:00 AM EDT,0.00,0.00,72.10,0.00,100.00,100.00,90.20,95.10,92.66,56.40,0.00,97.30,28.20,77.90,68.70,73.70,73.00,75.80,46.30,0.00,0.00,0.00,70.30
02-Sep-26 7:00:00 AM EDT,0.00,0.00,72.00,0.00,100.00,100.00,90.90,96.20,93.57,56.60,0.00,58.50,28.40,68.60,68.80,74.00,73.10,76.30,46.00,0.00,0.00,0.00,69.62
02-Sep-26 8:00:00 AM EDT,0.00,0.00,71.80,0.00,100.00,100.00,90.20,95.60,92.88,56.50,0.00,100.00,30.50,75.30,68.90,73.40,72.90,75.70,47.00,0.00,0.00,0.00,69.14
02-Sep-26 9:00:00 AM EDT,0.00,0.00,71.70,0.00,100.00,100.00,90.00,96.10,93.06,56.20,0.00,88.30,30.70,67.30,69.40,73.50,73.00,76.10,46.20,0.00,0.00,0.00,68.56
02-Sep-26 10:00:00 AM EDT,0.00,0.00,71.70,0.00,100.00,100.00,90.10,96.20,93.11,55.60,0.00,65.40,28.70,69.60,69.20,74.10,73.10,76.30,45.30,0.00,0.00,0.00,67.92
02-Sep-26 11:00:00 AM EDT,0.00,0.00,72.30,0.00,100.00,100.00,90.60,96.50,93.55,55.30,0.00,68.10,25.80,81.00,67.60,74.50,73.10,76.10,44.90,0.00,0.00,0.00,68.78
02-Sep-26 12:00:00 PM EDT,0.00,0.00,72.80,0.00,99.40,99.40,92.00,98.10,95.06,57.00,0.00,86.10,22.40,67.40,67.10,73.40,73.10,76.00,46.10,0.00,0.00,0.00,70.96
02-Sep-26 1:00:00 PM EDT,0.00,0.00,73.20,0.00,71.00,71.00,85.90,93.30,89.62,57.60,0.00,77.30,27.30,80.40,67.00,74.20,72.90,75.90,47.40,0.00,0.00,0.00,72.23
02-Sep-26 2:00:00 PM EDT,0.00,0.00,73.60,0.00,84.60,84.60,89.60,97.20,93.39,56.40,0.00,74.60,24.50,79.20,67.50,74.20,73.10,75.90,46.10,0.00,0.00,0.00,73.08
02-Sep-26 3:00:00 PM EDT,0.00,0.00,73.90,0.00,87.90,87.90,91.10,97.80,94.41,57.20,0.00,86.10,24.00,75.40,67.30,73.70,73.00,75.80,47.10,0.00,0.00,0.00,74.58
02-Sep-26 4:00:00 PM EDT,0.00,0.00,73.60,0.00,77.90,77.90,88.60,96.50,92.51,57.10,0.00,80.20,26.40,66.60,66.60,73.50,73.00,76.00,47.60,0.00,0.00,0.00,74.36
02-Sep-26 5:00:00 PM EDT,0.00,0.00,73.20,0.00,77.40,77.40,87.50,94.20,90.88,56.80,0.00,47.30,27.10,77.00,67.70,74.70,72.90,76.20,47.10,0.00,0.00,0.00,73.60
02-Sep-26 6:00:00 PM EDT,0.00,0.00,72.60,0.00,72.80,72.80,86.20,94.20,90.22,57.00,0.00,72.80,26.70,66.70,67.30,73.70,73.00,76.20,47.90,0.00,0.00,0.00,71.47
02-Sep-26 7:00:00 PM EDT,0.00,0.00,72.70,0.00,82.40,82.40,88.40,96.00,92.19,56.40,0.00,83.40,28.40,66.70,68.00,73.50,72.90,76.10,47.30,0.00,0.00,0.00,71.92
02-Sep-26 8:00:00 PM EDT,0.00,0.00,72.90,0.00,89.30,89.30,89.80,98.30,94.04,56.70,0.00,58.90,28.30,69.20,68.80,74.10,73.00,76.40,46.90,0.00,0.00,0.00,71.87
02-Sep-26 9:00:00 PM EDT,0.00,0.00,72.90,0.00,88.70,88.70,89.40,97.60,93.53,56.90,0.00,67.00,29.90,82.10,69.40,74.50,73.00,76.10,47.20,0.00,0.00,0.00,71.82
02-Sep-26 10:00:00 PM EDT,0.00,0.00,72.80,0.00,90.50,90.50,90.10,98.00,94.08,56.80,0.00,78.70,28.10,66.60,69.90,73.40,73.10,76.20,47.30,0.00,0.00,0.00,72.05
02-Sep-26 11:00:00 PM EDT,0.00,0.00,72.90,0.00,88.80,88.80,89.70,97.40,93.56,56.90,0.00,76.40,30.00,81.30,69.50,74.20,72.90,75.90,47.50,0.00,0.00,0.00,72.17
03-Sep-26 12:00:00 AM EDT,0.00,0.00,73.10,0.00,83.40,83.40,88.50,96.80,92.66,57.10,0.00,76.80,28.30,81.50,69.80,74.20,73.00,76.00,47.70,0.00,0.00,0.00,72.44
03-Sep-26 1:00:00 AM EDT,0.00,0.00,73.00,0.00,78.70,78.70,87.50,95.80,91.62,57.00,0.00,100.00,27.50,73.90,69.70,73.40,73.00,75.80,48.00,0.00,0.00,0.00,72.98
03-Sep-26 2:00:00 AM EDT,0.00,0.00,73.20,0.00,74.80,74.80,87.30,95.00,91.14,56.90,0.00,59.10,28.80,70.00,69.60,73.90,73.00,76.30,47.20,0.00,0.00,0.00,73.55
03-Sep-26 3:00:00 AM EDT,0.00,0.00,73.00,0.00,72.80,72.80,86.40,94.00,90.23,56.90,0.00,100.00,30.40,79.30,69.60,73.80,72.90,75.80,47.90,0.00,0.00,0.00,73.21
03-Sep-26 4:00:00 AM EDT,0.00,0.00,73.20,0.00,72.30,72.30,86.90,94.60,90.72,56.80,0.00,78.30,28.20,68.00,70.30,73.70,73.10,76.20,47.50,0.00,0.00,0.00,73.33
03-Sep-26 5:00:00 AM EDT,0.00,0.00,73.10,0.00,69.30,69.30,85.50,93.40,89.44,56.80,0.00,70.30,28.70,68.40,69.50,73.90,73.00,76.30,47.60,0.00,0.00,0.00,73.41
03-Sep-26 6:00:00 AM EDT,0.00,0.00,73.40,0.00,65.70,65.70,84.50,92.00,88.28,56.80,0.00,50.00,29.50,79.60,69.60,74.80,73.00,76.30,47.70,0.00,0.00,0.00,73.64
03-Sep-26 7:00:00 AM EDT,0.00,0.00,73.30,0.00,66.80,66.80,84.70,91.10,87.94,56.80,0.00,100.00,28.80,73.80,69.40,73.40,73.00,75.80,48.40,0.00,0.00,0.00,73.83
03-Sep-26 8:00:00 AM EDT,0.00,0.00,73.50,0.00,69.90,69.90,86.10,92.00,89.03,56.80,0.00,50.60,27.60,79.00,69.70,74.80,73.10,76.30,47.40,0.00,0.00,0.00,73.99
03-Sep-26 9:00:00 AM EDT,0.00,0.00,73.40,0.00,73.40,73.40,86.70,91.50,89.11,56.90,0.00,81.40,26.90,80.90,69.60,74.10,73.00,75.90,48.00,0.00,0.00,0.00,74.16
03-Sep-26 10:00:00 AM EDT,0.00,0.00,73.80,0.00,70.30,70.30,86.80,92.60,89.72,57.00,0.00,94.50,25.50,77.40,68.60,73.70,73.00,75.80,48.60,0.00,0.00,0.00,74.73
03-Sep-26 11:00:00 AM EDT,0.00,0.00,74.00,0.00,67.30,67.30,86.20,93.30,89.76,56.90,0.00,78.90,24.20,66.50,67.50,73.60,73.00,76.00,48.40,0.00,0.00,0.00,75.52
03-Sep-26 12:00:00 PM EDT,0.00,0.00,75.20,0.00,60.20,60.20,85.00,92.00,88.48,57.30,0.00,56.00,19.40,81.10,66.40,74.70,73.10,76.10,48.60,0.00,0.00,0.00,77.46
03-Sep-26 1:00:00 PM EDT,0.00,0.00,75.70,0.00,64.90,64.90,86.90,91.30,89.10,56.90,0.00,59.60,15.20,66.70,65.80,73.80,73.10,76.20,48.50,0.00,0.00,0.00,79.19
03-Sep-26 2:00:00 PM EDT,0.00,0.00,76.80,0.00,70.40,70.40,90.20,92.60,91.42,56.80,0.00,58.30,9.40,68.10,65.80,74.10,73.10,76.20,48.30,0.00,0.00,0.00,81.12
03-Sep-26 3:00:00 PM EDT,0.00,0.00,77.20,0.00,72.50,72.50,91.20,98.10,94.64,57.00,0.00,56.60,11.50,68.70,65.60,74.10,73.00,76.20,48.50,0.00,0.00,0.00,82.76
03-Sep-26 4:00:00 PM EDT,0.00,0.00,77.50,0.00,66.00,66.00,89.20,96.30,92.74,56.90,0.00,50.90,14.10,75.50,65.60,74.50,72.90,76.10,49.20,0.00,0.00,0.00,83.72
03-Sep-26 5:00:00 PM EDT,0.00,0.00,78.00,0.00,64.50,64.50,89.80,96.20,93.01,57.00,0.00,73.40,2.80,66.70,65.50,73.70,73.10,76.00,49.20,0.00,0.00,0.00,84.78
03-Sep-26 6:00:00 PM EDT,0.00,0.00,77.50,0.00,0.00,0.00,81.00,81.10,81.05,55.20,9.90,0.00,0.00,60.10,63.30,72.10,72.80,74.40,50.00,0.00,0.00,0.00,85.00
03-Sep-26 7:00:00 PM EDT,0.00,0.00,77.00,0.00,0.00,0.00,80.40,80.50,80.46,53.20,10.90,49.00,0.00,61.20,61.70,71.70,72.20,74.00,48.60,0.00,0.00,0.00,84.48
03-Sep-26 8:00:00 PM EDT,0.00,0.00,76.80,0.00,0.00,0.00,80.30,80.40,80.33,53.70,2.60,66.30,8.30,63.00,62.10,71.90,71.90,74.10,48.30,0.00,0.00,0.00,84.50
03-Sep-26 9:00:00 PM EDT,0.00,0.00,76.40,0.00,1.30,1.30,79.90,80.10,79.97,53.60,0.00,68.40,24.90,64.00,62.50,71.90,71.70,74.10,47.90,0.00,0.00,0.00,83.35
03-Sep-26 10:00:00 PM EDT,0.00,0.00,76.40,0.00,2.60,2.60,79.90,80.10,79.96,53.70,0.00,69.80,26.90,65.10,64.60,72.00,71.90,74.20,47.70,0.00,0.00,0.00,82.97
03-Sep-26 11:00:00 PM EDT,0.00,0.00,75.80,0.00,0.00,0.00,79.30,79.60,79.45,53.70,29.70,61.60,28.10,64.70,63.80,71.90,72.00,74.10,47.70,0.00,0.00,0.00,82.27
04-Sep-26 12:00:00 AM EDT,0.00,0.00,75.70,0.00,0.00,0.00,79.10,79.50,79.31,52.70,14.50,72.40,28.70,65.90,64.50,72.00,71.90,74.10,47.20,0.00,0.00,0.00,81.86
04-Sep-26 1:00:00 AM EDT,0.00,0.00,75.70,0.00,6.00,6.00,79.20,79.50,79.36,53.40,0.00,55.20,25.70,66.00,65.10,72.10,72.10,74.20,47.10,0.00,0.00,0.00,81.19
04-Sep-26 2:00:00 AM EDT,0.00,0.00,75.50,0.00,6.30,6.30,79.00,79.40,79.18,53.80,0.00,55.60,25.10,66.20,64.90,72.00,72.00,74.20,47.70,0.00,0.00,0.00,81.20
04-Sep-26 3:00:00 AM EDT,0.00,0.00,75.20,0.00,0.00,0.00,78.60,79.10,78.84,53.80,3.10,61.10,27.00,66.40,64.60,72.00,71.90,74.10,48.10,0.00,0.00,0.00,80.51
04-Sep-26 4:00:00 AM EDT,0.00,0.00,75.00,0.00,0.00,0.00,78.40,78.90,78.68,53.20,14.60,71.40,28.80,66.20,64.20,71.90,72.00,74.10,48.10,0.00,0.00,0.00,80.15
04-Sep-26 5:00:00 AM EDT,0.00,0.00,74.40,0.00,12.40,12.40,77.90,78.50,78.17,52.80,0.00,71.40,27.30,67.30,65.00,72.00,72.00,74.20,46.90,0.00,0.00,0.00,78.51
04-Sep-26 6:00:00 AM EDT,0.00,0.00,74.30,0.00,31.60,31.60,78.30,80.50,79.38,53.30,0.00,72.80,27.30,69.40,64.60,72.00,72.00,74.10,47.40,0.00,0.00,0.00,78.33
04-Sep-26 7:00:00 AM EDT,0.00,0.00,74.20,0.00,40.40,40.40,79.60,83.00,81.33,53.80,0.00,74.90,26.30,71.80,65.10,72.00,72.00,74.10,47.40,0.00,0.00,0.00,78.00
04-Sep-26 8:00:00 AM EDT,0.00,0.00,73.80,0.00,37.90,37.90,79.10,81.80,80.48,53.70,0.00,71.80,25.30,63.20,64.90,71.70,72.00,74.20,47.40,0.00,0.00,0.00,77.69
04-Sep-26 9:00:00 AM EDT,0.00,0.00,74.50,0.00,34.80,34.80,79.30,81.90,80.58,53.70,0.00,61.10,23.70,66.20,64.50,72.10,72.00,74.30,47.20,0.00,0.00,0.00,79.49
04-Sep-26 10:00:00 AM EDT,0.00,0.00,75.00,0.00,40.20,40.20,80.50,82.30,81.39,53.60,0.00,75.40,19.30,64.10,63.50,71.80,72.10,74.20,47.20,0.00,0.00,0.00,79.88
04-Sep-26 11:00:00 AM EDT,0.00,0.00,75.20,0.00,51.50,51.50,82.60,86.90,84.73,53.40,0.00,76.00,10.40,64.90,62.50,71.80,72.20,74.10,47.20,0.00,0.00,0.00,80.12
04-Sep-26 12:00:00 PM EDT,0.00,0.00,75.90,0.00,62.60,62.60,86.30,92.50,89.37,53.80,0.00,72.10,2.20,64.80,62.60,71.90,72.20,74.20,47.00,0.00,0.00,0.00,81.75
04-Sep-26 1:00:00 PM EDT,0.00,0.00,76.20,0.00,71.30,71.30,89.20,92.70,90.93,53.60,0.00,57.00,0.00,65.90,62.40,72.10,72.10,74.30,46.30,0.00,0.00,0.00,82.73
04-Sep-26 2:00:00 PM EDT,0.00,0.00,76.50,0.00,73.90,73.90,90.60,92.60,91.59,53.70,0.00,52.20,0.60,65.30,62.50,72.00,72.00,74.20,46.30,0.00,0.00,0.00,83.27
04-Sep-26 3:00:00 PM EDT,0.00,0.00,76.70,0.00,80.70,80.70,92.50,97.00,94.73,53.80,0.00,48.20,7.60,65.20,62.60,72.10,71.90,74.20,46.40,0.00,0.00,0.00,83.05
04-Sep-26 4:00:00 PM EDT,0.00,0.00,76.40,0.00,78.40,78.40,91.70,96.80,94.25,54.00,0.00,52.60,14.00,64.70,63.00,72.00,71.80,74.10,47.00,0.00,0.00,0.00,83.23
04-Sep-26 5:00:00 PM EDT,0.00,0.00,76.70,0.00,80.20,80.20,92.60,97.70,95.15,53.70,0.00,46.70,9.00,63.80,62.80,72.00,72.10,74.20,46.60,0.00,0.00,0.00,83.85
04-Sep-26 6:00:00 PM EDT,0.00,0.00,76.70,0.00,86.80,86.80,93.70,97.60,95.68,53.60,0.00,38.40,1.70,62.90,62.60,72.10,72.10,74.20,45.80,0.00,0.00,0.00,83.59
04-Sep-26 7:00:00 PM EDT,0.00,0.00,76.70,0.00,92.30,92.30,94.80,97.70,96.22,53.70,0.00,36.30,0.00,62.40,62.50,72.00,72.20,74.20,45.70,0.00,0.00,0.00,83.46
04-Sep-26 8:00:00 PM EDT,0.00,0.00,76.40,0.00,87.60,87.60,93.80,97.60,95.68,53.90,0.00,26.50,2.90,62.30,62.50,72.00,72.20,74.20,46.10,0.00,0.00,0.00,83.03
04-Sep-26 9:00:00 PM EDT,0.00,0.00,75.80,0.00,91.90,91.90,93.90,97.10,95.53,53.70,0.00,68.20,18.90,64.50,62.80,71.90,71.70,74.00,45.80,0.00,0.00,0.00,81.94
04-Sep-26 10:00:00 PM EDT,0.00,0.00,75.60,0.00,90.30,90.30,93.40,100.70,97.01,53.70,0.00,68.80,29.20,65.70,63.70,72.00,71.70,74.10,45.30,0.00,0.00,0.00,81.28
04-Sep-26 11:00:00 PM EDT,0.00,0.00,75.40,0.00,93.10,93.10,93.70,100.40,97.07,53.60,0.00,68.00,28.90,66.10,65.30,72.00,72.00,74.20,44.70,0.00,0.00,0.00,80.61
05-Sep-26 12:00:00 AM EDT,0.00,0.00,75.00,0.00,99.30,99.30,94.40,100.20,97.34,53.50,0.00,70.10,28.10,66.10,65.30,72.00,72.00,74.20,44.70,0.00,0.00,0.00,80.00
05-Sep-26 1:00:00 AM EDT,0.00,0.00,74.70,0.00,99.70,99.70,94.30,100.20,97.26,53.70,0.00,69.00,25.40,67.20,65.40,72.00,72.00,74.30,44.60,0.00,0.00,0.00,79.14
05-Sep-26 2:00:00 AM EDT,0.00,0.00,74.40,0.00,100.00,100.00,94.00,99.70,96.89,53.50,0.00,66.60,27.00,66.90,64.70,72.00,72.00,74.20,44.50,0.00,0.00,0.00,78.33
05-Sep-26 3:00:00 AM EDT,0.00,0.00,74.10,0.00,100.00,100.00,93.80,99.40,96.60,53.30,0.00,66.50,28.70,67.60,64.90,72.00,71.90,74.20,44.20,0.00,0.00,0.00,77.84
05-Sep-26 4:00:00 AM EDT,0.00,0.00,74.00,0.00,100.00,100.00,93.90,99.20,96.52,52.80,0.00,71.90,27.10,67.60,65.20,72.00,72.10,74.20,43.60,0.00,0.00,0.00,77.34
05-Sep-26 5:00:00 AM EDT,0.00,0.00,73.50,0.00,100.00,100.00,93.00,98.70,95.86,52.50,0.00,70.30,28.10,67.60,64.80,72.00,72.00,74.30,43.30,0.00,0.00,0.00,76.65
05-Sep-26 6:00:00 AM EDT,0.00,0.00,73.30,0.00,100.00,100.00,92.70,98.20,95.43,52.60,0.00,71.90,28.90,67.70,64.90,72.00,72.00,74.20,43.40,0.00,0.00,0.00,76.31
05-Sep-26 7:00:00 AM EDT,0.00,0.00,73.10,0.00,100.00,100.00,92.00,97.80,94.92,52.60,0.00,74.00,29.60,67.90,64.70,72.00,72.00,74.20,43.50,0.00,0.00,0.00,75.50
05-Sep-26 8:00:00 AM EDT,0.00,0.00,72.90,0.00,82.30,82.30,89.10,97.10,93.14,55.70,0.00,69.10,24.00,70.30,66.70,72.10,72.30,74.30,44.70,0.00,0.00,0.00,74.54
05-Sep-26 9:00:00 AM EDT,0.00,0.00,73.20,0.00,19.50,19.50,76.90,78.30,77.57,54.70,0.00,68.40,22.20,67.30,64.80,72.10,72.00,74.20,46.80,0.00,0.00,0.00,76.94
05-Sep-26 10:00:00 AM EDT,0.00,0.00,73.40,0.00,0.00,0.00,76.90,77.70,77.28,54.00,41.50,59.40,24.00,65.50,63.20,72.00,72.10,74.20,47.50,0.00,0.00,0.00,76.47
05-Sep-26 11:00:00 AM EDT,0.00,0.00,73.80,0.00,82.00,82.00,89.50,96.30,92.91,52.30,0.00,52.10,23.10,67.80,64.10,72.40,72.20,74.40,43.50,0.00,0.00,0.00,76.30
05-Sep-26 12:00:00 PM EDT,0.00,0.00,73.80,0.00,100.00,100.00,93.10,97.90,95.50,52.80,0.00,60.90,23.20,73.60,63.20,72.40,72.00,74.20,44.00,0.00,0.00,0.00,76.97
05-Sep-26 1:00:00 PM EDT,0.00,0.00,74.30,0.00,100.00,100.00,94.00,98.60,96.32,52.50,0.00,85.80,26.60,63.80,63.00,71.50,71.90,74.00,43.80,0.00,0.00,0.00,78.24
05-Sep-26 2:00:00 PM EDT,0.00,0.00,74.40,0.00,100.00,100.00,94.10,99.10,96.56,52.50,0.00,80.20,24.30,63.90,63.70,71.60,72.10,74.20,43.40,0.00,0.00,0.00,78.64
05-Sep-26 3:00:00 PM EDT,0.00,0.00,74.40,0.00,100.00,100.00,93.90,99.20,96.58,52.40,0.00,81.80,27.90,69.70,63.40,71.80,71.90,74.00,43.50,0.00,0.00,0.00,78.65
05-Sep-26 4:00:00 PM EDT,0.00,0.00,74.60,0.00,100.00,100.00,94.10,99.20,96.68,52.50,0.00,82.00,27.80,69.00,64.30,71.80,72.00,74.00,43.40,0.00,0.00,0.00,79.08
05-Sep-26 5:00:00 PM EDT,0.00,0.00,74.80,0.00,100.00,100.00,94.50,99.70,97.11,52.10,0.00,71.40,25.00,62.60,63.90,71.80,72.10,74.30,42.90,0.00,0.00,0.00,79.38
05-Sep-26 6:00:00 PM EDT,0.00,0.00,75.00,0.00,100.00,100.00,94.70,99.80,97.21,52.10,0.00,59.60,26.80,68.30,64.00,72.30,72.00,74.30,42.50,0.00,0.00,0.00,79.37
05-Sep-26 7:00:00 PM EDT,0.00,0.00,74.90,0.00,100.00,100.00,94.60,99.90,97.25,52.40,0.00,67.20,28.90,65.70,64.60,72.00,72.00,74.30,42.60,0.00,0.00,0.00,79.52
05-Sep-26 8:00:00 PM EDT,0.00,0.00,74.70,0.00,100.00,100.00,94.10,99.40,96.75,52.10,0.00,66.80,29.50,66.40,64.80,72.10,72.00,74.30,42.20,0.00,0.00,0.00,79.20
05-Sep-26 9:00:00 PM EDT,0.00,0.00,74.40,0.00,100.00,100.00,94.10,99.50,96.83,52.60,0.00,61.10,29.60,66.80,66.20,72.00,72.00,74.30,42.70,0.00,0.00,0.00,78.47
05-Sep-26 10:00:00 PM EDT,0.00,0.00,74.00,0.00,100.00,100.00,94.00,98.90,96.47,52.40,0.00,71.00,27.80,66.60,66.40,71.90,72.00,74.20,42.80,0.00,0.00,0.00,77.68
05-Sep-26 11:00:00 PM EDT,0.00,0.00,73.60,0.00,72.80,72.80,88.50,95.80,92.15,55.30,0.00,76.80,25.90,66.20,65.80,71.60,72.20,74.10,45.00,0.00,0.00,0.00,76.85
06-Sep-26 12:00:00 AM EDT,0.00,0.00,73.40,0.00,0.00,0.00,77.90,80.30,79.14,54.50,0.00,0.00,0.00,69.20,66.30,72.10,72.00,74.20,46.40,0.00,0.00,0.00,75.73
06-Sep-26 1:00:00 AM EDT,0.00,0.00,78.60,0.00,0.00,0.00,109.40,112.50,110.97,87.20,0.00,0.00,0.00,74.60,75.30,73.40,73.90,79.40,41.40,0.00,0.00,0.00,75.79
06-Sep-26 2:00:00 AM EDT,0.00,0.00,82.30,0.00,0.00,0.00,118.30,121.30,119.84,93.50,0.00,0.00,0.00,82.50,85.30,76.40,75.70,81.20,38.50,0.00,0.00,0.00,76.04
06-Sep-26 3:00:00 AM EDT,0.00,0.00,84.90,0.00,0.00,0.00,120.50,123.40,121.91,95.20,0.00,0.00,0.00,85.00,89.50,77.60,76.20,81.70,37.80,0.00,0.00,0.00,77.38
06-Sep-26 4:00:00 AM EDT,0.00,0.00,86.20,0.00,0.00,0.00,121.80,124.50,123.11,96.50,0.00,0.00,0.00,86.90,92.10,78.40,77.20,82.70,36.60,0.00,0.00,0.00,76.67
06-Sep-26 5:00:00 AM EDT,0.00,0.00,86.70,0.00,0.00,0.00,123.50,125.70,124.57,97.70,0.00,0.00,0.00,91.00,93.70,79.90,79.80,83.30,39.80,0.00,0.00,0.00,75.32
06-Sep-26 6:00:00 AM EDT,0.00,0.00,87.00,0.00,0.00,0.00,123.50,126.00,124.73,99.00,0.00,0.00,0.70,91.80,95.10,80.20,79.20,83.90,39.70,0.00,0.00,0.00,74.08
06-Sep-26 7:00:00 AM EDT,0.00,0.00,71.10,0.00,32.20,32.20,74.60,76.80,75.74,52.90,0.00,73.60,20.60,65.10,61.10,71.60,71.50,73.80,46.60,0.00,0.00,0.00,70.87
06-Sep-26 8:00:00 AM EDT,0.00,0.00,71.10,0.00,67.70,67.70,83.80,89.40,86.60,53.50,0.00,72.30,29.80,67.50,65.10,72.00,71.80,74.10,45.70,0.00,0.00,0.00,69.69
06-Sep-26 9:00:00 AM EDT,0.00,0.00,72.30,0.00,52.90,52.90,79.90,87.00,83.41,54.80,0.00,70.10,24.60,67.30,65.40,72.10,72.20,74.30,45.70,0.00,0.00,0.00,73.28
06-Sep-26 10:00:00 AM EDT,0.00,0.00,72.90,0.00,19.40,19.40,76.40,77.80,77.14,54.20,0.00,71.80,22.60,65.10,64.20,71.90,72.00,74.20,46.40,0.00,0.00,0.00,73.41
06-Sep-26 11:00:00 AM EDT,0.00,0.00,72.40,0.00,0.00,0.00,75.60,76.70,76.12,54.90,17.10,66.00,25.20,64.10,64.20,71.90,72.00,74.30,46.90,0.00,0.00,0.00,73.36
06-Sep-26 12:00:00 PM EDT,0.00,0.00,72.30,0.00,79.70,79.70,87.40,94.20,90.80,52.80,0.00,57.00,26.60,67.80,66.40,72.30,72.10,74.40,44.10,0.00,0.00,0.00,73.44
06-Sep-26 1:00:00 PM EDT,0.00,0.00,72.40,0.00,100.00,100.00,91.60,96.40,94.03,53.10,0.00,78.70,27.80,63.70,64.80,71.70,72.00,74.20,44.80,0.00,0.00,0.00,73.53
06-Sep-26 2:00:00 PM EDT,0.00,0.00,72.70,0.00,100.00,100.00,91.90,96.90,94.39,53.00,0.00,78.90,26.00,63.60,65.00,71.70,72.00,74.20,44.40,0.00,0.00,0.00,74.47
06-Sep-26 3:00:00 PM EDT,0.00,0.00,73.00,0.00,100.00,100.00,92.50,97.60,95.03,52.70,0.00,57.10,27.70,64.70,64.30,72.10,72.00,74.40,43.70,0.00,0.00,0.00,75.11
06-Sep-26 4:00:00 PM EDT,0.00,0.00,73.30,0.00,100.00,100.00,92.40,97.90,95.14,52.80,0.00,80.60,28.00,72.80,65.30,72.00,72.00,74.10,44.00,0.00,0.00,0.00,75.56
06-Sep-26 5:00:00 PM EDT,0.00,0.00,73.00,0.00,100.00,100.00,92.20,98.00,95.08,53.50,0.00,75.60,28.50,69.70,65.80,72.00,72.00,74.20,45.00,0.00,0.00,0.00,74.73
06-Sep-26 6:00:00 PM EDT,0.00,0.00,72.60,0.00,100.00,100.00,92.00,97.80,94.86,53.40,0.00,67.40,28.60,66.10,65.90,72.10,72.00,74.30,44.70,0.00,0.00,0.00,73.87
06-Sep-26 7:00:00 PM EDT,0.00,0.00,72.50,0.00,100.00,100.00,92.30,98.10,95.18,53.40,0.00,70.30,26.40,64.50,65.90,71.80,72.00,74.30,44.70,0.00,0.00,0.00,73.99
06-Sep-26 8:00:00 PM EDT,0.00,0.00,72.40,0.00,100.00,100.00,92.30,98.20,95.24,53.30,0.00,60.30,29.20,64.70,65.50,72.00,71.90,74.40,44.60,0.00,0.00,0.00,73.53
06-Sep-26 9:00:00 PM EDT,0.00,0.00,72.30,0.00,99.80,99.80,91.90,97.60,94.76,53.50,0.00,71.60,28.20,75.10,67.30,72.30,72.00,74.20,44.80,0.00,0.00,0.00,72.85
06-Sep-26 10:00:00 PM EDT,0.00,0.00,72.20,0.00,100.00,100.00,91.70,97.40,94.60,53.30,0.00,59.70,27.90,70.80,67.00,72.30,72.00,74.40,44.40,0.00,0.00,0.00,72.51
06-Sep-26 11:00:00 PM EDT,0.00,0.00,71.90,0.00,100.00,100.00,91.50,96.90,94.19,53.40,0.00,65.10,29.20,65.70,66.60,72.10,72.00,74.40,44.50,0.00,0.00,0.00,72.36
07-Sep-26 12:00:00 AM EDT,0.00,0.00,72.00,0.00,87.70,87.70,89.00,96.80,92.89,53.80,0.00,56.40,29.90,67.80,67.00,72.10,72.00,74.50,44.80,0.00,0.00,0.00,72.65
07-Sep-26 1:00:00 AM EDT,0.00,0.00,72.00,0.00,79.50,79.50,87.10,94.80,90.99,53.70,0.00,70.80,29.00,77.20,67.80,72.40,72.00,74.20,45.10,0.00,0.00,0.00,72.46
07-Sep-26 2:00:00 AM EDT,0.00,0.00,72.10,0.00,78.00,78.00,87.30,94.70,91.00,53.60,0.00,72.90,28.60,63.90,67.20,71.80,72.10,74.40,45.10,0.00,0.00,0.00,72.66
07-Sep-26 3:00:00 AM EDT,0.00,0.00,71.90,0.00,100.00,100.00,90.70,97.40,94.09,52.20,0.00,90.90,32.40,70.30,66.90,71.60,71.90,74.00,44.30,0.00,0.00,0.00,72.02
07-Sep-26 4:00:00 AM EDT,0.00,0.00,72.00,0.00,100.00,100.00,90.60,97.00,93.80,51.30,0.00,100.00,30.70,68.20,67.00,71.40,71.90,74.00,41.30,0.00,0.00,0.00,72.26
07-Sep-26 5:00:00 AM EDT,0.00,0.00,71.90,0.00,100.00,100.00,90.40,96.70,93.53,50.60,0.00,67.00,32.10,65.30,66.60,71.90,72.00,74.50,39.90,0.00,0.00,0.00,71.98
07-Sep-26 6:00:00 AM EDT,0.00,0.00,71.60,0.00,100.00,100.00,89.80,96.20,93.02,51.90,0.00,88.80,30.00,77.90,69.10,72.20,72.10,74.10,39.00,0.00,0.00,0.00,71.30
07-Sep-26 7:00:00 AM EDT,0.00,0.00,71.50,0.00,100.00,100.00,90.10,96.10,93.09,52.30,0.00,70.50,29.40,65.30,67.00,72.00,72.00,74.40,39.30,0.00,0.00,0.00,71.13
07-Sep-26 8:00:00 AM EDT,0.00,0.00,71.20,0.00,100.00,100.00,89.80,95.60,92.72,52.10,0.00,87.90,30.40,64.20,66.80,71.50,71.90,74.20,40.00,0.00,0.00,0.00,70.60
07-Sep-26 9:00:00 AM EDT,0.00,0.00,71.90,0.00,100.00,100.00,90.80,96.30,93.54,52.30,0.00,72.70,27.80,64.00,66.10,71.80,72.10,74.40,39.90,0.00,0.00,0.00,73.73
07-Sep-26 10:00:00 AM EDT,0.00,0.00,72.30,0.00,100.00,100.00,91.40,97.00,94.17,52.70,0.00,51.90,25.90,70.30,65.70,72.50,72.00,74.50,39.90,0.00,0.00,0.00,72.57
07-Sep-26 11:00:00 AM EDT,0.00,0.00,72.70,0.00,100.00,100.00,91.70,97.30,94.49,53.00,0.00,87.80,24.70,72.40,65.00,71.80,72.00,74.00,41.10,0.00,0.00,0.00,73.95
07-Sep-26 12:00:00 PM EDT,0.00,0.00,73.00,0.00,100.00,100.00,92.30,97.50,94.91,53.00,0.00,84.40,24.00,66.80,64.50,71.60,72.00,74.10,40.20,0.00,0.00,0.00,75.25
07-Sep-26 1:00:00 PM EDT,0.00,0.00,73.90,0.00,84.60,84.60,90.30,97.50,93.90,53.50,0.00,63.10,25.40,73.20,64.70,72.30,72.00,74.30,40.00,0.00,0.00,0.00,76.40
07-Sep-26 2:00:00 PM EDT,0.00,0.00,74.30,0.00,100.00,100.00,93.60,98.90,96.28,52.70,0.00,56.90,27.50,68.10,64.40,72.30,72.00,74.40,39.50,0.00,0.00,0.00,77.94
07-Sep-26 3:00:00 PM EDT,0.00,0.00,74.40,0.00,100.00,100.00,93.80,99.30,96.55,52.70,0.00,51.80,28.20,71.80,65.40,72.60,72.00,74.40,38.80,0.00,0.00,0.00,78.34
07-Sep-26 4:00:00 PM EDT,0.00,0.00,74.30,0.00,100.00,100.00,94.00,99.20,96.57,52.80,0.00,86.80,28.40,70.70,65.50,71.80,71.90,74.00,38.00,0.00,0.00,0.00,78.77
07-Sep-26 5:00:00 PM EDT,0.00,0.00,74.50,0.00,100.00,100.00,94.30,99.50,96.91,52.70,0.00,74.80,24.80,65.60,65.60,71.90,72.10,74.20,37.50,0.00,0.00,0.00,78.91
07-Sep-26 6:00:00 PM EDT,0.00,0.00,74.60,0.00,100.00,100.00,94.30,99.00,96.66,52.80,0.00,48.90,22.70,64.70,64.40,72.20,72.10,74.40,37.60,0.00,0.00,0.00,78.86
07-Sep-26 7:00:00 PM EDT,0.00,0.00,74.60,0.00,100.00,100.00,94.50,99.30,96.88,52.70,0.00,45.50,19.90,63.50,63.70,72.00,72.00,74.30,38.00,0.00,0.00,0.00,78.99
07-Sep-26 8:00:00 PM EDT,0.00,0.00,74.60,0.00,100.00,100.00,94.80,99.30,97.06,52.80,0.00,49.10,22.20,63.10,63.40,71.90,72.00,74.10,38.60,0.00,0.00,0.00,79.10
07-Sep-26 9:00:00 PM EDT,0.00,0.00,74.20,0.00,100.00,100.00,94.40,99.10,96.75,52.60,0.00,67.50,29.30,66.00,64.70,72.00,71.90,74.20,39.40,0.00,0.00,0.00,78.48
07-Sep-26 10:00:00 PM EDT,0.00,0.00,74.00,0.00,100.00,100.00,94.30,99.00,96.65,52.60,0.00,69.60,29.90,66.50,66.80,72.00,72.00,74.20,40.00,0.00,0.00,0.00,77.79
07-Sep-26 11:00:00 PM EDT,0.00,0.00,73.80,0.00,100.00,100.00,93.70,98.30,95.97,52.40,0.00,59.60,27.60,67.20,66.70,72.10,72.00,74.30,40.50,0.00,0.00,0.00,77.23
08-Sep-26 12:00:00 AM EDT,0.00,0.00,73.60,0.00,33.50,33.50,78.60,80.80,79.71,54.10,0.00,68.40,13.90,66.30,66.00,72.00,72.00,74.20,42.10,0.00,0.00,0.00,76.89
08-Sep-26 1:00:00 AM EDT,0.00,0.00,72.10,0.00,0.00,30.20,75.40,78.80,77.11,53.10,0.00,30.50,0.00,60.30,61.50,69.90,70.60,72.30,45.30,0.00,0.00,0.00,75.84
08-Sep-26 2:00:00 AM EDT,0.00,0.00,71.80,0.00,0.00,30.20,75.00,78.50,76.76,52.80,0.00,62.80,0.00,61.60,61.30,69.80,70.30,72.10,46.20,0.00,0.00,0.00,75.03
08-Sep-26 3:00:00 AM EDT,0.00,0.00,71.50,0.00,48.40,48.40,77.80,84.60,81.21,53.30,0.00,57.20,0.00,63.00,61.90,70.10,70.20,72.20,46.60,0.00,0.00,0.00,74.41
08-Sep-26 4:00:00 AM EDT,0.00,0.00,71.50,0.00,53.20,53.20,79.00,85.90,82.44,53.60,0.00,64.10,0.00,63.10,62.10,69.90,70.20,72.10,47.30,0.00,0.00,0.00,73.80
08-Sep-26 5:00:00 AM EDT,0.00,0.00,71.00,0.00,55.80,55.80,79.30,86.50,82.91,53.70,0.00,65.20,0.00,63.60,62.10,70.00,70.10,72.10,47.40,0.00,0.00,0.00,73.17
08-Sep-26 6:00:00 AM EDT,0.00,0.00,70.80,0.00,60.40,60.40,80.40,88.20,84.32,53.70,0.00,60.70,0.00,63.80,62.20,70.00,70.10,72.20,47.50,0.00,0.00,0.00,72.40
08-Sep-26 7:00:00 AM EDT,0.00,0.00,70.50,0.00,56.80,56.80,78.80,86.40,82.60,53.70,0.00,61.20,0.20,63.70,62.10,70.00,70.00,72.10,47.90,0.00,0.00,0.00,71.90
08-Sep-26 8:00:00 AM EDT,0.00,0.00,70.70,0.00,55.30,55.30,78.60,86.00,82.32,53.60,0.00,62.00,2.10,63.90,62.00,70.00,70.00,72.10,48.00,0.00,0.00,0.00,71.83
08-Sep-26 9:00:00 AM EDT,0.00,0.00,71.60,0.00,58.10,58.10,79.40,85.90,82.62,52.40,0.00,56.80,4.60,62.00,61.40,69.90,70.00,72.10,48.00,0.00,0.00,0.00,74.62
08-Sep-26 10:00:00 AM EDT,0.00,0.00,71.70,0.00,100.00,100.00,90.90,95.80,93.37,52.30,0.00,63.30,0.40,62.90,61.20,70.00,70.10,72.20,46.60,0.00,0.00,0.00,74.32
08-Sep-26 11:00:00 AM EDT,0.00,0.00,72.40,0.00,100.00,100.00,91.70,97.00,94.34,52.40,0.00,63.50,0.00,62.70,61.40,70.00,70.70,72.20,46.40,0.00,0.00,0.00,75.74
08-Sep-26 12:00:00 PM EDT,0.00,0.00,72.80,0.00,100.00,100.00,92.50,96.90,94.74,52.40,0.00,57.80,0.00,62.80,61.50,70.00,71.00,72.40,45.70,0.00,0.00,0.00,76.71
08-Sep-26 1:00:00 PM EDT,0.00,0.00,73.30,0.00,100.00,100.00,93.30,97.80,95.58,52.70,0.00,58.70,0.00,63.10,61.80,70.00,71.20,72.40,45.40,0.00,0.00,0.00,78.03
08-Sep-26 2:00:00 PM EDT,0.00,0.00,74.00,0.00,100.00,100.00,94.30,98.90,96.60,52.90,0.00,58.40,0.00,62.90,62.20,70.00,71.50,72.50,45.40,0.00,0.00,0.00,79.33
08-Sep-26 3:00:00 PM EDT,0.00,0.00,73.80,0.00,100.00,100.00,94.20,98.70,96.44,53.20,0.00,57.30,0.00,63.20,62.40,70.00,71.20,72.40,45.30,0.00,0.00,0.00,79.87
08-Sep-26 4:00:00 PM EDT,0.00,0.00,74.40,0.00,99.80,99.80,94.90,99.30,97.09,53.20,0.00,47.50,0.00,62.80,62.50,70.10,71.20,72.50,45.60,0.00,0.00,0.00,80.12
08-Sep-26 5:00:00 PM EDT,0.00,0.00,74.70,0.00,90.20,90.20,92.90,99.70,96.31,53.40,0.00,16.10,0.00,61.80,62.50,70.20,71.50,72.70,45.90,0.00,0.00,0.00,80.81
08-Sep-26 6:00:00 PM EDT,0.00,0.00,74.50,0.00,90.90,90.90,92.70,99.60,96.14,53.20,0.00,7.00,0.00,60.50,62.30,70.00,71.40,72.50,46.10,0.00,0.00,0.00,81.02
08-Sep-26 7:00:00 PM EDT,0.00,0.00,74.40,0.00,99.90,99.90,94.20,99.70,96.93,53.20,0.00,13.80,0.00,60.80,62.40,70.00,71.20,72.50,45.90,0.00,0.00,0.00,81.17
08-Sep-26 8:00:00 PM EDT,0.00,0.00,74.00,0.00,100.00,100.00,94.10,99.20,96.66,52.80,0.00,16.10,0.00,59.40,62.10,69.80,71.10,72.30,45.50,0.00,0.00,0.00,80.20
08-Sep-26 9:00:00 PM EDT,0.00,0.00,73.50,0.00,100.00,100.00,93.70,98.80,96.22,53.00,0.00,51.10,0.00,62.20,62.20,69.90,70.70,72.20,45.60,0.00,0.00,0.00,79.42
08-Sep-26 10:00:00 PM EDT,0.00,0.00,72.80,0.00,89.20,89.20,90.80,98.00,94.37,53.40,0.00,60.20,0.00,63.10,62.30,70.00,70.50,72.30,46.80,0.00,0.00,0.00,77.78
08-Sep-26 11:00:00 PM EDT,0.00,0.00,72.50,0.00,81.60,81.60,88.80,96.00,92.39,53.50,0.00,63.50,0.00,63.70,62.30,70.00,70.40,72.30,47.30,0.00,0.00,0.00,76.76
09-Sep-26 12:00:00 AM EDT,0.00,0.00,72.30,0.00,71.10,71.10,86.40,92.90,89.64,53.60,0.00,62.80,0.00,63.50,62.20,70.00,70.30,72.20,48.00,0.00,0.00,0.00,76.26
09-Sep-26 1:00:00 AM EDT,0.00,0.00,72.00,0.00,67.40,67.40,85.20,91.60,88.42,53.70,0.00,64.30,0.00,63.70,62.10,70.00,70.30,72.20,48.20,0.00,0.00,0.00,75.70
09-Sep-26 2:00:00 AM EDT,0.00,0.00,71.80,0.00,62.50,62.50,83.30,89.50,86.39,53.90,0.00,59.60,0.00,63.90,62.00,70.00,70.20,72.20,48.70,0.00,0.00,0.00,75.03
09-Sep-26 3:00:00 AM EDT,0.00,0.00,71.80,0.00,62.10,62.10,83.20,89.90,86.55,53.90,0.00,61.50,0.00,64.00,62.00,70.00,70.10,72.20,48.80,0.00,0.00,0.00,74.88
09-Sep-26 4:00:00 AM EDT,0.00,0.00,71.70,0.00,65.20,65.20,83.80,91.80,87.81,53.90,0.00,66.00,0.00,64.00,61.90,70.00,70.00,72.10,48.80,0.00,0.00,0.00,74.54
09-Sep-26 5:00:00 AM EDT,0.00,0.00,71.40,0.00,75.90,75.90,85.70,94.50,90.11,53.60,0.00,52.40,0.10,64.40,61.90,70.10,70.00,72.20,48.30,0.00,0.00,0.00,73.95
09-Sep-26 6:00:00 AM EDT,0.00,0.00,71.30,0.00,80.00,80.00,86.30,95.10,90.72,53.80,0.00,54.40,1.30,64.40,62.10,70.00,70.00,72.10,48.60,0.00,0.00,0.00,73.89
09-Sep-26 7:00:00 AM EDT,0.00,0.00,71.20,0.00,79.00,79.00,86.20,94.90,90.55,53.70,0.00,60.50,4.90,64.30,62.00,70.00,69.90,72.10,48.60,0.00,0.00,0.00,73.50
09-Sep-26 8:00:00 AM EDT,0.00,0.00,71.30,0.00,77.30,77.30,86.10,94.20,90.15,53.90,0.00,62.10,6.30,64.60,62.20,70.00,70.00,72.10,48.70,0.00,0.00,0.00,73.38
09-Sep-26 9:00:00 AM EDT,0.00,0.00,71.80,0.00,71.40,71.40,85.70,93.40,89.56,53.90,0.00,54.20,2.00,64.70,62.30,70.10,70.10,72.20,48.80,0.00,0.00,0.00,74.17
09-Sep-26 10:00:00 AM EDT,0.00,0.00,72.80,0.00,57.90,57.90,83.30,88.90,86.09,54.20,0.00,47.90,0.00,63.80,62.10,70.00,70.40,72.20,49.50,0.00,0.00,0.00,76.42
09-Sep-26 11:00:00 AM EDT,0.00,0.00,73.30,0.00,49.60,49.60,80.60,86.40,83.53,54.10,0.00,46.70,0.00,63.00,62.00,70.10,70.80,72.30,50.10,0.00,0.00,0.00,78.34
09-Sep-26 12:00:00 PM EDT,0.00,0.00,73.90,0.00,25.20,25.20,77.80,79.60,78.71,54.20,0.00,35.80,0.00,61.80,62.30,70.00,71.20,72.50,50.60,0.00,0.00,0.00,79.48
09-Sep-26 1:00:00 PM EDT,0.00,0.00,74.30,0.00,42.20,42.20,80.00,84.30,82.16,53.90,0.00,62.00,0.00,62.80,61.90,69.90,71.40,72.40,50.30,0.00,0.00,0.00,80.38
09-Sep-26 2:00:00 PM EDT,0.00,0.00,74.50,0.00,41.10,41.10,80.30,84.00,82.16,53.90,0.00,58.50,0.00,62.90,62.00,70.10,71.50,72.50,49.90,0.00,0.00,0.00,81.55
09-Sep-26 3:00:00 PM EDT,0.00,0.00,74.90,0.00,42.00,42.00,80.60,84.50,82.54,53.80,0.00,46.20,0.00,62.20,61.90,70.10,71.50,72.50,50.30,0.00,0.00,0.00,81.95
09-Sep-26 4:00:00 PM EDT,0.00,0.00,74.60,0.00,40.90,40.90,80.30,84.20,82.27,54.00,0.00,22.00,0.00,62.00,62.00,70.20,71.40,72.60,50.50,0.00,0.00,0.00,81.77
09-Sep-26 5:00:00 PM EDT,0.00,0.00,74.60,0.00,32.60,32.60,79.50,81.70,80.60,53.90,0.00,11.80,0.00,61.10,62.00,70.10,71.50,72.50,50.70,0.00,0.00,0.00,81.20
09-Sep-26 6:00:00 PM EDT,0.00,0.00,74.40,0.00,30.40,30.40,78.80,80.50,79.65,53.50,0.00,20.30,0.00,59.80,61.70,69.80,71.30,72.30,50.70,0.00,0.00,0.00,81.64
09-Sep-26 7:00:00 PM EDT,0.00,0.00,74.00,0.00,42.70,42.70,80.10,83.70,81.93,53.60,0.00,49.60,0.00,61.80,61.80,69.90,71.10,72.30,50.50,0.00,0.00,0.00,80.42
09-Sep-26 8:00:00 PM EDT,0.00,0.00,73.70,0.00,44.20,44.20,80.00,84.70,82.36,53.90,0.00,62.00,0.00,62.70,62.00,70.00,70.80,72.30,50.40,0.00,0.00,0.00,80.03
09-Sep-26 9:00:00 PM EDT,0.00,0.00,73.50,0.00,40.70,40.70,79.40,82.40,80.93,53.80,0.00,61.60,0.00,63.00,62.00,70.00,70.70,72.30,50.40,0.00,0.00,0.00,79.32
09-Sep-26 10:00:00 PM EDT,0.00,0.00,73.20,0.00,45.30,45.30,79.50,83.60,81.56,53.60,0.00,64.70,0.00,63.10,61.90,70.00,70.60,72.20,50.40,0.00,0.00,0.00,78.81
09-Sep-26 11:00:00 PM EDT,0.00,0.00,73.30,0.00,56.60,56.60,82.50,88.70,85.62,53.80,0.00,62.00,0.00,63.80,61.90,70.00,70.50,72.30,50.10,0.00,0.00,0.00,79.13
10-Sep-26 12:00:00 AM EDT,0.00,0.00,72.90,0.00,57.40,57.40,82.40,89.00,85.69,53.90,0.00,58.30,0.00,64.10,61.90,70.10,70.40,72.30,50.10,0.00,0.00,0.00,78.14
10-Sep-26 1:00:00 AM EDT,0.00,0.00,72.50,0.00,65.60,65.60,84.00,90.60,87.30,53.80,0.00,53.40,0.00,63.90,61.70,70.00,70.30,72.20,49.80,0.00,0.00,0.00,76.81
10-Sep-26 2:00:00 AM EDT,0.00,0.00,72.30,0.00,68.80,68.80,85.60,91.70,88.64,53.80,0.00,65.60,0.00,64.10,61.90,69.90,70.30,72.10,49.80,0.00,0.00,0.00,76.27
10-Sep-26 3:00:00 AM EDT,0.00,0.00,72.20,0.00,66.60,66.60,84.30,90.30,87.30,53.90,0.00,60.50,0.00,64.60,61.80,70.10,70.20,72.20,49.80,0.00,0.00,0.00,76.14
10-Sep-26 4:00:00 AM EDT,0.00,0.00,72.10,0.00,64.00,64.00,83.80,89.90,86.86,53.90,0.00,52.60,0.00,64.50,61.90,70.00,70.20,72.20,50.00,0.00,0.00,0.00,75.81
10-Sep-26 5:00:00 AM EDT,0.00,0.00,72.00,0.00,62.00,62.00,83.20,89.00,86.06,53.90,0.00,56.20,0.00,64.40,61.80,70.00,70.20,72.10,50.20,0.00,0.00,0.00,75.76
10-Sep-26 6:00:00 AM EDT,0.00,0.00,72.10,0.00,59.10,59.10,82.00,88.20,85.12,53.90,0.00,54.20,0.00,64.30,61.80,70.00,70.10,72.10,50.30,0.00,0.00,0.00,75.93
10-Sep-26 7:00:00 AM EDT,0.00,0.00,71.70,0.00,56.30,56.30,80.50,86.70,83.59,53.80,0.00,60.30,0.00,64.20,61.70,69.90,70.00,72.10,50.40,0.00,0.00,0.00,74.52
10-Sep-26 8:00:00 AM EDT,0.00,0.00,71.70,0.00,54.10,54.10,79.90,86.70,83.30,54.00,0.00,53.60,0.00,64.50,61.90,70.10,70.10,72.20,50.70,0.00,0.00,0.00,74.80
10-Sep-26 9:00:00 AM EDT,0.00,0.00,71.90,0.00,53.00,53.00,79.80,86.30,83.06,54.00,0.00,51.60,0.20,64.30,62.00,70.00,70.00,72.10,50.80,0.00,0.00,0.00,75.25
10-Sep-26 10:00:00 AM EDT,0.00,0.00,72.10,0.00,53.90,53.90,80.20,86.50,83.33,53.80,0.00,50.40,0.00,64.10,61.80,70.00,70.10,72.10,50.70,0.00,0.00,0.00,75.62
10-Sep-26 11:00:00 AM EDT,0.00,0.00,72.90,0.00,48.50,48.50,79.60,86.40,83.01,54.10,0.00,45.70,0.00,63.40,62.00,70.00,70.50,72.20,51.20,0.00,0.00,0.00,77.32
10-Sep-26 12:00:00 PM EDT,0.00,0.00,73.50,0.00,40.20,40.20,79.30,83.90,81.60,54.00,0.00,57.40,0.00,62.80,62.10,70.00,71.00,72.30,51.00,0.00,0.00,0.00,78.82
10-Sep-26 1:00:00 PM EDT,0.00,0.00,75.40,0.00,31.80,31.80,80.20,82.80,81.54,53.90,0.00,100.00,31.40,75.90,67.60,72.20,71.80,73.90,48.70,0.00,0.00,0.00,81.40
10-Sep-26 2:00:00 PM EDT,0.00,0.00,76.70,0.00,26.30,26.30,80.70,83.00,81.82,53.70,0.00,78.50,30.30,80.00,66.10,73.30,72.90,75.00,46.50,0.00,0.00,0.00,82.69
10-Sep-26 3:00:00 PM EDT,0.00,0.00,77.00,0.00,37.40,37.40,82.80,86.60,84.70,54.40,0.00,100.00,32.30,74.10,65.20,72.60,72.80,74.70,46.40,0.00,0.00,0.00,84.00
10-Sep-26 4:00:00 PM EDT,0.00,0.00,77.30,0.00,44.70,44.70,83.50,87.80,85.62,53.50,0.00,29.90,28.00,64.00,65.20,73.20,73.10,75.60,45.10,0.00,0.00,0.00,84.62
10-Sep-26 5:00:00 PM EDT,0.00,0.00,77.30,0.00,41.40,41.40,83.10,87.00,85.03,53.80,0.00,91.60,26.90,64.80,64.90,72.40,73.00,74.90,46.50,0.00,0.00,0.00,85.28
10-Sep-26 6:00:00 PM EDT,0.00,0.00,77.40,0.00,39.80,39.80,83.00,85.60,84.30,53.80,0.00,71.90,23.90,63.10,63.60,72.70,73.10,75.10,46.20,0.00,0.00,0.00,85.45
10-Sep-26 7:00:00 PM EDT,0.00,0.00,77.30,0.00,56.60,56.60,86.20,92.50,89.38,53.80,0.00,61.50,28.30,63.30,63.80,72.80,72.90,75.20,45.40,0.00,0.00,0.00,85.09
10-Sep-26 8:00:00 PM EDT,0.00,0.00,77.20,0.00,57.00,57.00,86.00,92.50,89.26,53.60,0.00,21.40,27.60,69.80,65.10,73.70,73.10,75.60,44.60,0.00,0.00,0.00,84.42
10-Sep-26 9:00:00 PM EDT,0.00,0.00,76.60,0.00,52.20,52.20,84.30,90.40,87.34,53.80,0.00,68.20,29.00,62.30,66.70,72.40,73.10,75.10,45.30,0.00,0.00,0.00,83.86
10-Sep-26 10:00:00 PM EDT,0.00,0.00,76.80,0.00,46.80,46.80,83.20,89.00,86.11,53.90,0.00,27.90,27.20,68.30,67.00,73.70,73.10,75.70,44.50,0.00,0.00,0.00,83.27
10-Sep-26 11:00:00 PM EDT,0.00,0.00,76.50,0.00,33.60,33.60,80.80,83.40,82.12,53.60,0.00,27.90,28.00,75.40,66.70,73.90,73.00,75.60,44.80,0.00,0.00,0.00,82.38
11-Sep-26 12:00:00 AM EDT,0.00,0.00,76.20,0.00,51.00,51.00,83.70,90.50,87.09,53.90,0.00,79.00,28.80,78.20,67.20,73.20,73.00,75.10,45.00,0.00,0.00,0.00,81.56
11-Sep-26 1:00:00 AM EDT,0.00,0.00,75.70,0.00,49.50,49.50,82.80,88.80,85.80,53.80,0.00,84.60,29.90,62.60,67.20,72.20,73.00,75.10,45.00,0.00,0.00,0.00,81.53
11-Sep-26 2:00:00 AM EDT,0.00,0.00,76.00,0.00,47.50,47.50,82.40,87.70,85.07,53.60,0.00,30.60,29.60,77.20,67.50,74.00,73.00,75.60,43.90,0.00,0.00,0.00,80.49
11-Sep-26 3:00:00 AM EDT,0.00,0.00,75.50,0.00,70.10,70.10,87.60,93.90,90.75,53.30,0.00,34.80,28.30,74.10,67.80,73.60,73.10,75.60,43.30,0.00,0.00,0.00,79.53
11-Sep-26 4:00:00 AM EDT,0.00,0.00,75.30,0.00,84.10,84.10,91.30,97.70,94.50,53.30,0.00,36.80,28.60,67.30,67.90,73.40,73.10,75.70,43.00,0.00,0.00,0.00,78.90
11-Sep-26 5:00:00 AM EDT,0.00,0.00,75.10,0.00,82.10,82.10,90.50,96.00,93.24,53.30,0.00,31.80,30.30,73.30,67.70,73.80,73.00,75.70,43.10,0.00,0.00,0.00,78.26
11-Sep-26 6:00:00 AM EDT,0.00,0.00,74.60,0.00,97.90,97.90,92.60,97.40,95.01,52.90,0.00,71.10,30.10,79.60,68.00,73.50,73.00,75.30,42.80,0.00,0.00,0.00,77.33
11-Sep-26 7:00:00 AM EDT,0.00,0.00,74.00,0.00,100.00,100.00,92.40,97.50,94.96,52.50,0.00,100.00,29.40,71.40,68.20,72.30,73.00,74.80,42.70,0.00,0.00,0.00,76.30
11-Sep-26 8:00:00 AM EDT,0.00,0.00,73.90,0.00,100.00,100.00,92.30,97.40,94.84,52.70,0.00,57.10,29.50,79.00,68.10,73.50,73.00,75.50,41.90,0.00,0.00,0.00,75.52
11-Sep-26 9:00:00 AM EDT,0.00,0.00,73.80,0.00,100.00,100.00,92.60,97.70,95.12,51.80,0.00,44.50,34.50,71.70,67.50,73.50,72.90,75.60,40.80,0.00,0.00,0.00,75.39
11-Sep-26 10:00:00 AM EDT,0.00,0.00,73.80,0.00,100.00,100.00,93.30,98.80,96.06,51.30,0.00,37.80,33.30,69.50,69.80,73.50,73.20,75.70,39.70,0.00,0.00,0.00,75.62
11-Sep-26 11:00:00 AM EDT,0.00,0.00,73.80,0.00,100.00,100.00,93.30,98.40,95.85,51.80,0.00,42.40,30.20,77.70,69.30,73.90,73.00,75.60,40.50,0.00,0.00,0.00,74.99
11-Sep-26 12:00:00 PM EDT,0.00,0.00,73.80,0.00,100.00,100.00,93.60,98.90,96.21,51.40,0.00,94.40,28.40,73.50,64.10,72.60,72.90,74.90,40.90,0.00,0.00,0.00,75.50
11-Sep-26 1:00:00 PM EDT,0.00,0.00,74.20,0.00,93.40,93.40,92.90,99.40,96.15,53.70,0.00,43.60,26.90,78.80,65.60,73.80,72.90,75.40,40.20,0.00,0.00,0.00,76.17
11-Sep-26 2:00:00 PM EDT,0.00,0.00,74.40,0.00,44.90,44.90,80.60,86.10,83.37,54.20,0.00,80.30,27.10,76.20,65.40,73.10,73.00,75.00,41.80,0.00,0.00,0.00,76.59
11-Sep-26 3:00:00 PM EDT,0.00,0.00,75.20,0.00,100.00,100.00,94.60,97.90,96.20,52.10,0.00,100.00,26.60,64.50,65.30,72.20,72.90,74.90,41.20,0.00,0.00,0.00,78.80
11-Sep-26 4:00:00 PM EDT,0.00,0.00,75.40,0.00,100.00,100.00,95.70,98.20,96.97,52.40,0.00,28.90,26.00,63.60,66.90,73.20,73.00,75.70,40.40,0.00,0.00,0.00,79.80
11-Sep-26 5:00:00 PM EDT,0.00,0.00,75.80,0.00,100.00,100.00,96.30,98.40,97.32,52.50,0.00,89.80,24.10,66.10,64.20,72.50,73.00,75.00,40.90,0.00,0.00,0.00,80.72
11-Sep-26 6:00:00 PM EDT,0.00,0.00,75.80,0.00,100.00,100.00,96.30,98.50,97.41,52.70,0.00,77.70,19.40,63.70,63.50,72.70,73.00,75.20,40.70,0.00,0.00,0.00,80.56
11-Sep-26 7:00:00 PM EDT,0.00,0.00,75.50,0.00,100.00,100.00,96.10,98.70,97.42,52.60,0.00,71.30,20.30,63.40,63.20,72.90,72.90,75.20,40.50,0.00,0.00,0.00,80.06
11-Sep-26 8:00:00 PM EDT,0.00,0.00,75.60,0.00,100.00,100.00,96.20,99.00,97.59,52.50,0.00,74.50,26.10,67.10,63.20,73.00,73.00,75.20,39.90,0.00,0.00,0.00,79.74
11-Sep-26 9:00:00 PM EDT,0.00,0.00,75.00,0.00,100.00,100.00,95.60,98.80,97.21,52.60,0.00,86.80,33.80,62.40,65.80,72.20,72.90,75.00,39.40,0.00,0.00,0.00,79.05
11-Sep-26 10:00:00 PM EDT,0.00,0.00,74.90,0.00,100.00,100.00,95.30,99.00,97.11,52.30,0.00,56.50,33.20,63.40,66.50,72.90,73.00,75.60,38.30,0.00,0.00,0.00,78.44
11-Sep-26 11:00:00 PM EDT,0.00,0.00,74.90,0.00,100.00,100.00,94.40,98.60,96.50,52.20,0.00,81.10,29.70,62.30,67.60,72.40,73.10,75.30,38.70,0.00,0.00,0.00,78.28
12-Sep-26 12:00:00 AM EDT,0.00,0.00,74.30,0.00,100.00,100.00,93.90,98.40,96.11,52.00,0.00,91.70,30.40,62.20,67.40,72.20,72.90,75.20,38.90,0.00,0.00,0.00,77.53
12-Sep-26 1:00:00 AM EDT,0.00,0.00,74.30,0.00,57.30,57.30,83.30,89.20,86.25,53.70,0.00,31.00,31.90,66.00,68.50,73.30,73.00,75.70,40.10,0.00,0.00,0.00,76.58
12-Sep-26 2:00:00 AM EDT,0.00,0.00,74.10,0.00,47.10,47.10,80.50,86.20,83.36,53.60,0.00,93.60,33.90,76.70,69.20,72.90,72.80,74.90,41.20,0.00,0.00,0.00,75.65
12-Sep-26 3:00:00 AM EDT,0.00,0.00,73.30,0.00,49.70,49.70,80.30,86.10,83.23,53.50,0.00,94.10,32.90,73.30,67.60,72.80,72.90,75.00,41.80,0.00,0.00,0.00,74.48
12-Sep-26 4:00:00 AM EDT,0.00,0.00,72.80,0.00,35.90,35.90,78.10,81.80,79.94,53.60,0.00,84.50,32.80,77.80,69.00,73.10,72.90,75.00,43.00,0.00,0.00,0.00,72.93
12-Sep-26 5:00:00 AM EDT,0.00,0.00,72.20,0.00,0.00,0.00,75.30,76.40,75.82,52.40,34.80,100.00,32.90,75.30,68.00,72.80,72.80,74.80,43.80,0.00,0.00,0.00,71.73
12-Sep-26 6:00:00 AM EDT,0.00,0.00,72.00,0.00,0.00,0.00,75.10,76.20,75.65,52.30,34.60,100.00,35.40,67.20,63.50,72.10,72.80,74.80,43.10,0.00,0.00,0.00,71.23
12-Sep-26 7:00:00 AM EDT,0.00,0.00,72.10,0.00,0.00,0.00,75.10,76.20,75.68,52.00,36.50,57.90,32.30,61.90,65.10,72.80,73.20,75.50,42.20,0.00,0.00,0.00,71.06
12-Sep-26 8:00:00 AM EDT,0.00,0.00,71.80,0.00,0.00,0.00,74.80,75.90,75.38,52.10,48.10,100.00,32.90,63.00,65.40,72.20,72.90,75.00,42.90,0.00,0.00,0.00,70.69
12-Sep-26 9:00:00 AM EDT,0.00,0.00,72.60,0.00,0.00,0.00,75.70,76.70,76.22,52.20,64.00,100.00,33.30,74.90,66.90,72.70,72.80,74.80,43.20,0.00,0.00,0.00,72.36
12-Sep-26 10:00:00 AM EDT,0.00,0.00,73.40,0.00,0.00,0.00,76.70,77.50,77.10,51.90,47.20,100.00,32.10,74.40,66.30,72.70,72.80,74.80,42.80,0.00,0.00,0.00,73.63
12-Sep-26 11:00:00 AM EDT,0.00,0.00,73.90,0.00,0.00,0.00,77.20,77.90,77.56,50.80,71.40,92.90,32.40,59.40,64.30,72.00,73.00,75.00,43.80,0.00,0.00,0.00,75.41
12-Sep-26 12:00:00 PM EDT,0.00,0.00,74.50,0.00,9.20,9.20,77.90,78.50,78.18,51.60,0.00,40.80,29.80,66.70,67.50,73.50,73.20,75.60,41.50,0.00,0.00,0.00,76.95
12-Sep-26 1:00:00 PM EDT,0.00,0.00,74.90,0.00,12.70,12.70,78.20,78.70,78.48,51.60,0.00,99.10,29.90,61.80,65.30,72.20,73.00,75.00,42.50,0.00,0.00,0.00,78.08
12-Sep-26 2:00:00 PM EDT,0.00,0.00,74.80,0.00,31.60,31.60,79.10,80.50,79.79,51.80,0.00,100.00,31.10,69.50,66.10,72.30,73.00,74.80,42.80,0.00,0.00,0.00,78.00
12-Sep-26 3:00:00 PM EDT,0.00,0.00,74.60,0.00,36.40,36.40,79.50,80.90,80.23,51.70,0.00,100.00,28.50,64.00,66.60,72.10,73.10,74.90,42.50,0.00,0.00,0.00,77.87
12-Sep-26 4:00:00 PM EDT,0.00,0.00,74.40,0.00,42.70,42.70,80.10,81.70,80.87,51.50,0.00,61.90,29.80,60.70,66.10,72.60,73.00,75.40,41.60,0.00,0.00,0.00,77.62
12-Sep-26 5:00:00 PM EDT,0.00,0.00,74.70,0.00,45.20,45.20,80.50,83.90,82.19,51.60,0.00,29.00,27.50,70.10,66.00,73.80,73.10,75.70,41.20,0.00,0.00,0.00,77.53
12-Sep-26 6:00:00 PM EDT,0.00,0.00,74.40,0.00,41.70,41.70,79.90,83.00,81.42,51.70,0.00,25.30,28.00,73.20,65.40,73.90,73.00,75.60,41.50,0.00,0.00,0.00,76.82
12-Sep-26 7:00:00 PM EDT,0.00,0.00,73.90,0.00,45.30,45.30,79.90,83.90,81.90,51.50,0.00,93.80,28.00,71.80,65.70,72.80,73.00,74.90,42.30,0.00,0.00,0.00,75.86
12-Sep-26 8:00:00 PM EDT,0.00,0.00,73.80,0.00,53.20,53.20,81.40,87.00,84.23,51.70,0.00,37.80,34.50,61.10,63.30,73.00,72.90,75.60,41.60,0.00,0.00,0.00,75.42
12-Sep-26 9:00:00 PM EDT,0.00,0.00,73.80,0.00,57.40,57.40,82.40,89.30,85.83,52.00,0.00,80.20,32.40,77.60,71.10,73.30,72.90,75.10,41.80,0.00,0.00,0.00,75.03
12-Sep-26 10:00:00 PM EDT,0.00,0.00,73.60,0.00,61.70,61.70,84.10,90.70,87.42,52.00,0.00,94.70,35.00,73.60,67.60,72.70,72.80,74.90,41.90,0.00,0.00,0.00,75.21
12-Sep-26 11:00:00 PM EDT,0.00,0.00,73.90,0.00,54.20,54.20,81.90,88.50,85.20,52.10,0.00,53.80,34.10,78.30,70.70,73.70,73.00,75.40,41.50,0.00,0.00,0.00,75.09
13-Sep-26 12:00:00 AM EDT,0.00,0.00,73.80,0.00,38.60,38.60,79.20,84.30,81.72,52.20,0.00,55.10,33.40,78.40,72.60,73.70,73.00,75.30,42.10,0.00,0.00,0.00,74.96
13-Sep-26 1:00:00 AM EDT,0.00,0.00,73.50,0.00,6.00,6.00,76.80,77.80,77.32,51.90,0.00,94.00,32.50,76.40,69.60,73.00,72.80,74.90,42.90,0.00,0.00,0.00,74.89
13-Sep-26 2:00:00 AM EDT,0.00,0.00,73.10,0.00,0.00,0.00,76.50,77.30,76.89,51.70,17.80,100.00,35.40,60.60,62.40,72.00,72.90,74.90,43.00,0.00,0.00,0.00,74.49
13-Sep-26 3:00:00 AM EDT,0.00,0.00,73.20,0.00,0.00,0.00,76.50,77.30,76.89,51.10,23.60,100.00,34.00,65.70,65.60,72.20,72.90,74.90,42.70,0.00,0.00,0.00,74.60
13-Sep-26 4:00:00 AM EDT,0.00,0.00,73.30,0.00,0.00,0.00,76.60,77.30,76.94,51.80,4.70,91.80,33.30,76.80,70.50,73.00,72.90,74.90,42.80,0.00,0.00,0.00,74.26
13-Sep-26 5:00:00 AM EDT,0.00,0.00,73.40,0.00,0.00,0.00,76.70,77.50,77.07,52.10,29.60,87.90,31.60,77.80,70.00,73.10,72.90,74.90,43.30,0.00,0.00,0.00,74.69
13-Sep-26 6:00:00 AM EDT,0.00,0.00,73.30,0.00,0.00,0.00,76.60,77.40,77.00,51.20,19.70,100.00,33.00,72.60,65.00,72.40,72.80,74.70,43.20,0.00,0.00,0.00,74.89
13-Sep-26 7:00:00 AM EDT,0.00,0.00,73.10,0.00,0.00,0.00,76.40,77.10,76.76,50.90,10.70,83.20,32.30,60.40,63.40,72.30,73.10,75.20,42.50,0.00,0.00,0.00,74.24
13-Sep-26 8:00:00 AM EDT,0.00,0.00,72.80,0.00,0.00,0.00,76.00,76.90,76.45,51.40,17.00,100.00,34.40,64.70,64.50,72.10,72.90,74.90,43.40,0.00,0.00,0.00,73.48
13-Sep-26 9:00:00 AM EDT,0.00,0.00,72.60,0.00,0.00,0.00,75.70,76.70,76.20,51.00,23.60,99.90,34.30,76.10,69.00,72.90,72.80,74.80,42.90,0.00,0.00,0.00,72.19
13-Sep-26 10:00:00 AM EDT,0.00,0.00,72.80,0.00,0.00,0.00,76.00,76.80,76.40,51.40,8.00,100.00,33.80,76.10,67.90,72.80,72.80,74.80,43.30,0.00,0.00,0.00,73.00
13-Sep-26 11:00:00 AM EDT,0.00,0.00,72.50,0.00,0.00,0.00,75.70,76.60,76.12,51.10,25.90,100.00,36.00,65.30,63.10,72.00,72.80,74.80,43.40,0.00,0.00,0.00,73.07
13-Sep-26 12:00:00 PM EDT,0.00,0.00,73.10,0.00,0.00,0.00,76.20,77.10,76.67,50.80,26.40,60.30,31.60,64.60,68.70,73.10,73.30,75.60,41.90,0.00,0.00,0.00,73.35
13-Sep-26 1:00:00 PM EDT,0.00,0.00,72.90,0.00,0.00,0.00,76.20,77.00,76.56,50.80,20.50,100.00,33.40,63.90,64.60,72.10,72.90,74.90,42.80,0.00,0.00,0.00,73.86
13-Sep-26 2:00:00 PM EDT,0.00,0.00,73.20,0.00,0.00,0.00,76.40,77.20,76.80,50.90,15.60,100.00,32.90,71.20,64.30,72.30,72.80,74.80,43.10,0.00,0.00,0.00,74.25
13-Sep-26 3:00:00 PM EDT,0.00,0.00,73.80,0.00,0.00,0.00,77.10,77.70,77.41,50.10,15.50,100.00,31.90,67.30,63.10,72.30,72.80,74.70,42.60,0.00,0.00,0.00,75.43
13-Sep-26 4:00:00 PM EDT,0.00,0.00,74.40,0.00,0.00,0.00,77.80,78.30,78.06,50.10,31.60,91.70,35.50,59.50,61.90,72.10,73.00,75.20,42.30,0.00,0.00,0.00,77.47
13-Sep-26 5:00:00 PM EDT,0.00,0.00,75.40,0.00,0.00,0.00,78.60,79.10,78.85,50.10,16.00,34.70,31.60,66.80,69.10,73.60,73.20,75.60,41.20,0.00,0.00,0.00,78.99
13-Sep-26 6:00:00 PM EDT,0.00,0.00,75.80,0.00,0.00,0.00,79.00,79.40,79.23,50.90,18.60,25.60,32.30,66.70,66.10,73.70,73.20,75.70,42.00,0.00,0.00,0.00,80.12
13-Sep-26 7:00:00 PM EDT,0.00,0.00,76.10,0.00,0.00,0.00,79.30,79.60,79.44,51.00,31.50,59.20,30.50,77.00,70.00,73.40,73.00,75.10,42.70,0.00,0.00,0.00,81.07
13-Sep-26 8:00:00 PM EDT,0.00,0.00,75.50,0.00,0.00,0.00,78.90,79.20,79.06,51.10,7.80,100.00,34.70,64.00,63.20,72.10,72.80,74.80,43.00,0.00,0.00,0.00,80.90
13-Sep-26 9:00:00 PM EDT,0.00,0.00,75.70,0.00,0.00,0.00,79.00,79.30,79.17,50.40,31.10,33.50,32.30,62.80,64.60,73.30,73.20,75.70,41.60,0.00,0.00,0.00,80.59
13-Sep-26 10:00:00 PM EDT,0.00,0.00,75.20,0.00,0.00,0.00,78.40,78.90,78.68,50.50,34.30,41.00,34.40,75.50,71.20,73.80,73.00,75.40,41.70,0.00,0.00,0.00,79.27
13-Sep-26 11:00:00 PM EDT,0.00,0.00,74.80,0.00,0.00,0.00,78.10,78.60,78.35,49.90,22.60,56.60,33.00,63.20,67.50,73.10,73.20,75.60,41.20,0.00,0.00,0.00,78.43
14-Sep-26 12:00:00 AM EDT,0.00,0.00,74.70,0.00,0.00,0.00,78.00,78.50,78.27,50.30,12.00,67.10,33.90,61.30,65.50,72.80,73.20,75.50,41.60,0.00,0.00,0.00,78.09
14-Sep-26 1:00:00 AM EDT,0.00,0.00,74.80,0.00,0.00,0.00,78.10,78.60,78.33,50.30,23.80,46.50,34.00,63.10,67.40,73.10,73.30,75.70,41.30,0.00,0.00,0.00,78.02
14-Sep-26 2:00:00 AM EDT,0.00,0.00,74.80,0.00,0.00,0.00,78.10,78.60,78.32,50.20,33.80,58.00,33.40,77.50,73.80,73.70,73.00,75.30,41.30,0.00,0.00,0.00,78.13
14-Sep-26 3:00:00 AM EDT,0.00,0.00,74.90,0.00,0.00,0.00,78.10,78.60,78.35,50.10,28.50,53.90,34.80,76.80,71.30,73.60,73.00,75.40,41.10,0.00,0.00,0.00,77.88
14-Sep-26 4:00:00 AM EDT,0.00,0.00,74.50,0.00,0.00,0.00,77.80,78.40,78.08,49.90,32.70,51.50,33.40,66.10,68.70,73.30,73.20,75.60,40.90,0.00,0.00,0.00,77.45
14-Sep-26 5:00:00 AM EDT,0.00,0.00,74.50,0.00,0.00,0.00,77.80,78.30,78.05,49.90,7.50,65.30,34.30,61.60,65.10,73.00,73.20,75.50,40.80,0.00,0.00,0.00,77.33
14-Sep-26 6:00:00 AM EDT,0.00,0.00,74.30,0.00,0.00,0.00,77.60,78.20,77.88,50.70,16.00,42.80,33.30,65.90,68.00,73.30,73.30,75.60,41.30,0.00,0.00,0.00,76.72
14-Sep-26 7:00:00 AM EDT,0.00,0.00,74.10,0.00,0.00,0.00,77.20,77.90,77.56,50.70,18.40,64.20,33.10,77.40,73.50,73.60,73.00,75.30,41.30,0.00,0.00,0.00,75.87
14-Sep-26 8:00:00 AM EDT,0.00,0.00,73.80,0.00,0.00,0.00,77.00,77.70,77.37,50.40,7.00,49.00,33.60,74.30,69.80,73.70,73.10,75.50,40.80,0.00,0.00,0.00,75.43
14-Sep-26 9:00:00 AM EDT,0.00,0.00,73.10,0.00,0.00,0.00,76.40,77.10,76.74,49.40,0.00,72.70,34.30,62.90,64.80,72.90,73.10,75.40,40.40,0.00,0.00,0.00,73.92
14-Sep-26 10:00:00 AM EDT,0.00,0.00,73.00,0.00,0.00,0.00,76.20,77.00,76.60,51.30,56.00,59.80,33.60,63.20,65.20,73.00,73.10,75.50,41.70,0.00,0.00,0.00,73.66
14-Sep-26 11:00:00 AM EDT,0.00,0.00,73.30,0.00,0.00,0.00,76.50,77.30,76.89,51.40,100.00,24.00,29.10,67.10,67.40,73.60,73.20,75.70,41.50,0.00,0.00,0.00,74.11
14-Sep-26 12:00:00 PM EDT,0.00,0.00,73.20,0.00,0.00,0.00,76.50,77.10,76.80,51.70,100.00,100.00,31.40,73.70,64.20,72.70,72.90,74.70,42.90,0.00,0.00,0.00,74.89
14-Sep-26 1:00:00 PM EDT,0.00,0.00,73.70,0.00,0.00,0.00,76.90,77.50,77.19,50.70,15.60,54.20,31.40,77.30,64.30,73.60,72.90,75.20,40.80,0.00,0.00,0.00,75.09
14-Sep-26 2:00:00 PM EDT,0.00,0.00,73.80,0.00,0.00,0.00,77.00,77.70,77.36,50.40,17.50,33.00,31.20,73.00,63.80,73.80,73.00,75.50,39.20,0.00,0.00,0.00,75.44
14-Sep-26 3:00:00 PM EDT,0.00,0.00,73.50,0.00,0.00,0.00,76.80,77.40,77.13,50.30,0.00,100.00,27.30,66.00,59.30,71.90,72.40,74.20,40.40,0.00,0.00,0.00,76.00
14-Sep-26 4:00:00 PM EDT,0.00,0.00,73.80,0.00,0.00,0.00,77.10,77.70,77.42,50.40,24.30,36.20,30.80,60.30,62.10,72.90,73.00,75.60,37.90,0.00,0.00,0.00,76.24
14-Sep-26 5:00:00 PM EDT,0.00,0.00,74.00,0.00,0.00,0.00,77.40,77.90,77.66,50.60,24.00,34.20,28.20,61.00,62.70,73.20,73.10,75.50,37.60,0.00,0.00,0.00,76.22
14-Sep-26 6:00:00 PM EDT,0.00,0.00,74.10,0.00,0.00,0.00,77.40,78.00,77.66,50.50,28.00,38.40,24.70,69.90,62.70,73.70,73.10,75.40,37.30,0.00,0.00,0.00,76.37
14-Sep-26 7:00:00 PM EDT,0.00,0.00,73.60,0.00,0.00,0.00,76.90,77.50,77.18,50.60,29.30,81.60,28.50,59.80,62.70,72.50,72.90,74.90,37.40,0.00,0.00,0.00,75.84
14-Sep-26 8:00:00 PM EDT,25.00,0.00,73.80,0.00,0.00,0.00,77.10,77.70,77.37,50.50,29.10,18.30,30.70,64.00,63.10,73.80,72.90,75.60,34.60,0.00,0.00,0.00,75.40
14-Sep-26 9:00:00 PM EDT,98.70,0.00,72.50,0.00,0.00,0.00,75.90,76.50,76.19,49.30,14.00,100.00,35.40,68.00,63.10,72.20,72.70,74.70,32.10,0.00,0.00,0.00,74.75
14-Sep-26 10:00:00 PM EDT,81.70,0.00,70.90,0.00,0.00,0.00,74.20,74.90,74.58,49.80,0.00,100.00,34.10,67.30,68.30,72.30,72.80,74.90,31.60,0.00,0.00,0.00,73.51
14-Sep-26 11:00:00 PM EDT,41.40,0.00,70.10,0.00,0.00,0.00,73.50,74.20,73.82,49.40,0.00,93.80,36.00,59.90,63.00,72.00,72.80,75.40,31.70,0.00,0.00,0.00,71.60
